county,municipality,muni_code,ld,cd,census_code,prez_dem,prez_rep,johnson,stein,castle,de_la_fuente,kennedy,la_riva,moorhead,write_in,total_votes,winner,first_place,second_place,margin_victory,prez_dem_per,prez_rep_per,johnson_per,stein_per,others_total,others_per
Atlantic,Absecon,0101,2,2,3400100,1762,1989,68,36,4,1,1,2,2,36,4530,prez_rep,1989,1762,5.011037528,38.89624724,43.90728477,1.501103753,0.794701987,172,3.796909492
Atlantic,Atlantic City,0102,2,2,3402080,8418,1800,61,61,12,1,4,14,6,25,10402,prez_dem,8418,1800,63.62238031,80.92674486,17.30436455,0.586425687,0.586425687,184,1.768890598
Atlantic,Brigantine,0103,2,2,3407810,1620,2335,84,37,4,1,2,7,1,31,4122,prez_rep,2335,1620,17.34594857,39.30131004,56.64725861,2.037845706,0.897622513,167,4.051431344
Atlantic,Buena,0104,2,2,3408680,712,894,35,21,5,2,1,5,1,9,1685,prez_rep,894,712,10.80118694,42.25519288,53.05637982,2.077151335,1.246290801,79,4.6884273
Atlantic,Buena Vista,0105,2,2,3408710,1366,1732,49,20,11,1,1,3,0,19,3202,prez_rep,1732,1366,11.43035603,42.66083698,54.091193,1.530293567,0.624609619,104,3.247970019
Atlantic,Corbin City,0106,1,2,3405160,79,148,10,2,3,0,0,0,0,1,243,prez_rep,148,79,28.39506173,32.51028807,60.90534979,4.115226337,0.823045268,16,6.58436214
Atlantic,Egg Harbor,0107,2,2,3400350,867,682,27,18,3,0,0,4,2,19,1622,prez_dem,867,682,11.40567201,53.45252774,42.04685573,1.664611591,1.10974106,73,4.500616523
Atlantic,Egg Harbor Twp,0108,2,2,3400290,9039,8781,369,170,52,15,3,24,10,142,18605,prez_dem,9039,8781,1.386723999,48.58371406,47.19699006,1.983337812,0.913732868,785,4.219295888
Atlantic,Estell Manor,0109,1,2,3401870,219,619,15,9,7,1,1,0,1,5,877,prez_rep,619,219,45.61003421,24.97149373,70.58152794,1.710376283,1.02622577,39,4.446978335
Atlantic,Folsom,0110,2,2,3403940,304,511,13,6,1,0,0,0,0,5,840,prez_rep,511,304,24.64285714,36.19047619,60.83333333,1.547619048,0.714285714,25,2.976190476
Atlantic,Galloway,0111,9,2,3405560,7486,7290,286,140,42,6,5,19,6,88,15368,prez_dem,7486,7290,1.275377408,48.71160854,47.43623113,1.861009891,0.910983863,592,3.852160333
Atlantic,Hamilton,0112,2,2,3409280,5364,4775,253,107,23,6,8,18,8,89,10651,prez_dem,5364,4775,5.529997183,50.36146841,44.83147122,2.375363816,1.004600507,512,4.80706037
Atlantic,Hammonton,0113,8,2,3409430,2117,3513,111,45,17,3,4,10,2,45,5867,prez_rep,3513,2117,23.79410261,36.08317709,59.8772797,1.891937958,0.767001875,237,4.039543208
Atlantic,Linwood,0114,2,2,3400530,1466,1847,79,43,8,1,0,3,1,42,3490,prez_rep,1847,1466,10.91690544,42.00573066,52.9226361,2.263610315,1.232091691,177,5.071633238
Atlantic,Longport,0115,2,2,3401370,137,254,11,1,0,0,1,0,0,0,404,prez_rep,254,137,28.96039604,33.91089109,62.87128713,2.722772277,0.247524753,13,3.217821782
Atlantic,Margate,0116,2,2,3403890,1332,1480,37,19,3,5,0,4,1,20,2901,prez_rep,1480,1332,5.101689073,45.91520165,51.01689073,1.275422268,0.65494657,89,3.067907618
Atlantic,Mullica,0117,2,2,3409410,1033,1548,51,23,6,1,3,4,0,13,2682,prez_rep,1548,1033,19.20208799,38.51603281,57.71812081,1.901565996,0.857568978,101,3.765846383
Atlantic,Northfield,0118,2,2,3402950,1756,2011,98,49,8,0,0,4,2,41,3969,prez_rep,2011,1756,6.424792139,44.24288234,50.66767448,2.469135802,1.234567901,202,5.089443185
Atlantic,Pleasantville,0119,2,2,3409640,4634,499,22,29,9,4,2,6,6,16,5227,prez_dem,4634,499,79.10847522,88.65506026,9.546585039,0.420891525,0.554811555,94,1.798354697
Atlantic,Port Republic,0120,9,2,3400600,225,381,15,5,4,2,0,1,0,7,640,prez_rep,381,225,24.375,35.15625,59.53125,2.34375,0.78125,34,5.3125
Atlantic,Somers Point,0121,2,2,3408430,2120,2148,109,43,10,1,3,6,5,50,4495,prez_rep,2148,2120,0.622914349,47.16351502,47.78642937,2.424916574,0.956618465,227,5.050055617
Atlantic,Ventnor,0122,2,2,3405620,1924,1871,87,44,8,1,1,6,0,37,3979,prez_dem,1924,1871,1.331992963,48.35385775,47.02186479,2.186479015,1.105805479,184,4.624277457
Atlantic,Weymouth,0123,1,2,3400330,492,774,25,5,3,1,2,3,1,10,1316,prez_rep,774,492,21.42857143,37.38601824,58.81458967,1.899696049,0.37993921,50,3.799392097
Bergen,Allendale,0201,40,5,3400700,1554,1638,84,30,3,1,2,0,0,56,3368,prez_rep,1638,1554,2.494061758,46.14014252,48.63420428,2.494061758,0.890736342,120,3.562945368
Bergen,Alpine,0202,37,5,3401090,391,380,11,9,0,0,0,0,0,2,793,prez_dem,391,380,1.387137453,49.30643127,47.91929382,1.387137453,1.134930643,20,2.522068096
Bergen,Bergenfield,0203,38,5,3405170,6902,3539,162,98,12,7,5,3,4,70,10802,prez_dem,6902,3539,31.1331235,63.89557489,32.7624514,1.499722274,0.9072394,291,2.693945566
Bergen,Bogota,0204,37,5,3406490,2299,1148,67,38,5,2,4,1,1,29,3594,prez_dem,2299,1148,32.02559822,63.96772398,31.94212577,1.864218141,1.057317752,118,3.283249861
Bergen,Carlstadt,0205,36,9,3400480,1216,1365,66,33,1,0,1,0,0,15,2697,prez_rep,1365,1216,5.524657026,45.08713385,50.61179088,2.447163515,1.223581758,101,3.744901743
Bergen,Cliffside Park,0206,36,9,3403570,5098,2925,92,104,5,3,3,0,1,30,8261,prez_dem,5098,2925,26.30432151,61.71165718,35.40733567,1.113666626,1.258927491,208,2.517854981
Bergen,Closter,0207,39,5,3403810,2051,1378,57,25,6,0,0,0,1,35,3553,prez_dem,2051,1378,18.94173938,57.72586547,38.78412609,1.604278075,0.703630735,89,2.504925415
Bergen,Cresskill,0208,37,9,3405820,1881,1577,86,21,8,0,0,0,1,27,3601,prez_dem,1881,1577,8.442099417,52.23549014,43.79339072,2.388225493,0.583171341,116,3.221327409
Bergen,Demarest,0209,39,5,3407530,1367,789,39,14,2,2,1,1,0,14,2229,prez_dem,1367,789,25.93091072,61.32794975,35.39703903,1.749663526,0.628084343,59,2.646926873
Bergen,Dumont,0210,39,5,3408400,4115,3743,176,88,5,4,4,1,4,42,8182,prez_dem,4115,3743,4.546565632,50.29332681,45.74676118,2.15106331,1.075531655,282,3.446590076
Bergen,East Rutherford,0212,36,9,3409510,1800,1642,64,62,4,3,3,0,1,21,3600,prez_dem,1800,1642,4.388888889,50,45.61111111,1.777777778,1.722222222,137,3.805555556
Bergen,Edgewater,0213,32,9,3400020,2653,1041,73,32,4,2,0,0,0,22,3827,prez_dem,2653,1041,42.1217664,69.32322968,27.20146329,1.907499347,0.836164097,111,2.900444212
Bergen,Elmwood Park,0211,35,9,3401300,4127,3375,103,98,7,0,1,1,3,30,7745,prez_dem,4127,3375,9.709489994,53.28599096,43.57650097,1.329890252,1.265332473,213,2.750161394
Bergen,Emerson,0214,39,5,3401450,1446,2043,76,44,3,0,0,1,0,17,3630,prez_rep,2043,1446,16.44628099,39.83471074,56.28099174,2.093663912,1.212121212,124,3.415977961
Bergen,Englewood,0215,37,9,3401480,8778,1992,150,99,4,0,1,3,1,73,11101,prez_dem,8778,1992,61.12962796,79.0739573,17.94432934,1.351229619,0.891811549,258,2.324114945
Bergen,Englewood Cliffs,0216,37,9,3401510,1135,966,37,15,0,2,1,0,0,11,2167,prez_dem,1135,966,7.798800185,52.37655745,44.57775727,1.707429626,0.6922012,55,2.538071066
Bergen,Fair Lawn,0217,38,5,3402470,8172,6642,354,143,21,1,5,1,1,121,15461,prez_dem,8172,6642,9.89586702,52.85557208,42.95970506,2.289631977,0.924907833,526,3.402108531
Bergen,Fairview,0218,32,8,3402560,2312,1142,27,50,3,2,5,1,0,11,3553,prez_dem,2312,1142,32.92991838,65.07177033,32.14185196,0.759921193,1.407261469,88,2.476780186
Bergen,Fort Lee,0219,37,9,3404420,8097,4661,138,134,8,6,5,4,2,59,13114,prez_dem,8097,4661,26.20100656,61.74317523,35.54216867,1.052310508,1.021808754,297,2.264755223
Bergen,Franklin Lakes,0220,40,5,3404990,1843,3382,94,38,3,0,1,2,0,37,5400,prez_rep,3382,1843,28.5,34.12962963,62.62962963,1.740740741,0.703703704,138,2.555555556
Bergen,Garfield,0221,35,9,3405770,5074,3516,115,108,13,1,3,2,3,36,8871,prez_dem,5074,3516,17.56284523,57.19761019,39.63476496,1.296358922,1.217450118,245,2.761808139
Bergen,Glen Rock,0222,38,5,3406640,3482,2150,142,37,5,1,3,0,0,54,5874,prez_dem,3482,2150,22.6762002,59.27817501,36.6019748,2.417432755,0.62989445,188,3.200544774
Bergen,Hackensack,0223,37,5,3408680,10908,3059,168,118,12,9,1,3,5,66,14349,prez_dem,10908,3059,54.70067601,76.01923479,21.31855878,1.170813297,0.822356959,316,2.202244059
Bergen,Harrington Park,0224,39,5,3400150,1233,1056,45,15,4,2,0,0,0,19,2374,prez_dem,1233,1056,7.455770851,51.93765796,44.48188711,1.895534962,0.631844987,66,2.780117944
Bergen,Hasbrouck Heights,0225,38,9,3400420,2579,2899,95,52,4,4,2,0,1,26,5662,prez_rep,2899,2579,5.651713176,45.54927587,51.20098905,1.677852349,0.918403391,158,2.79053338
Bergen,Haworth,0226,39,5,3400540,982,642,32,22,1,1,0,0,1,11,1692,prez_dem,982,642,20.09456265,58.03782506,37.94326241,1.891252955,1.300236407,57,3.368794326
Bergen,Hillsdale,0227,39,5,3401920,2475,2662,124,53,3,2,1,0,1,0,5321,prez_rep,2662,2475,3.514376997,46.51381319,50.02819019,2.330389025,0.996053373,184,3.457996617
Bergen,Ho-Ho-Kus,0228,40,5,3402310,996,1089,70,12,2,1,1,1,0,27,2199,prez_rep,1089,996,4.229195089,45.29331514,49.52251023,3.183265121,0.545702592,87,3.956343793
Bergen,Leonia,0229,37,9,3400020,2494,998,42,47,3,0,1,1,1,21,3608,prez_dem,2494,998,41.46341463,69.12416851,27.66075388,1.164079823,1.302660754,95,2.633037694
Bergen,Little Ferry,0230,36,9,3400680,2007,1491,51,39,2,3,1,1,1,16,3612,prez_dem,2007,1491,14.28571429,55.56478405,41.27906977,1.411960133,1.079734219,98,2.713178295
Bergen,Lodi,0231,38,5,3401100,4968,2995,93,88,5,5,2,3,4,37,8200,prez_dem,4968,2995,24.06097561,60.58536585,36.52439024,1.134146341,1.073170732,200,2.43902439
Bergen,Lyndhurst,0232,36,9,3402090,3978,4548,142,103,12,8,2,2,2,46,8843,prez_rep,4548,3978,6.44577632,44.98473369,51.43051001,1.60578989,1.164763089,271,3.064570847
Bergen,Mahwah,0233,39,5,3402750,5049,6366,261,90,12,5,2,1,1,103,11890,prez_rep,6366,5049,11.0765349,42.46425568,53.54079058,2.195121951,0.756938604,372,3.128679563
Bergen,Maywood,0234,38,5,3404880,2256,1847,86,41,2,3,1,0,2,14,4252,prez_dem,2256,1847,9.619002822,53.05738476,43.43838194,2.022577611,0.964252117,135,3.174976482
Bergen,Midland Park,0235,40,5,3406110,1519,2052,84,35,2,2,0,0,0,35,3729,prez_rep,2052,1519,14.29337624,40.73478144,55.02815768,2.252614642,0.938589434,123,3.29847144
Bergen,Montvale,0236,39,5,3407610,1735,2042,105,28,4,0,2,0,0,26,3942,prez_rep,2042,1735,7.787924911,44.01319127,51.80111618,2.663622527,0.71029934,139,3.526128869
Bergen,Moonachie,0237,36,9,3407700,539,521,17,7,1,0,2,0,0,4,1091,prez_dem,539,521,1.649862511,49.40421632,47.7543538,1.558203483,0.641613199,27,2.474793767
Bergen,New Milford,0238,38,5,3401660,3655,3296,144,82,8,2,6,0,0,42,7235,prez_dem,3655,3296,4.961990325,50.51831375,45.55632343,1.99032481,1.133379406,242,3.344851417
Bergen,North Arlington,0239,36,9,3402320,3167,3224,115,83,8,2,2,4,1,33,6639,prez_rep,3224,3167,0.858563037,47.70296731,48.56153035,1.732188583,1.250188281,215,3.238439524
Bergen,Northvale,0240,37,5,3403430,914,1093,40,20,2,0,0,0,0,12,2081,prez_rep,1093,914,8.60163383,43.92119173,52.52282556,1.922152811,0.961076406,62,2.979336857
Bergen,Norwood,0241,39,5,3403610,1254,1166,47,32,0,1,1,0,0,16,2517,prez_dem,1254,1166,3.496225665,49.82121573,46.32499007,1.867302344,1.271354787,81,3.218116806
Bergen,Oakland,0242,39,5,3403850,2564,3524,156,77,5,3,3,2,1,51,6386,prez_rep,3524,2564,15.03288443,40.15032884,55.18321328,2.442843721,1.205762606,247,3.867835891
Bergen,Old Tappan,0243,39,5,3404870,1174,1507,45,15,2,0,1,0,0,16,2760,prez_rep,1507,1174,12.06521739,42.53623188,54.60144928,1.630434783,0.543478261,63,2.282608696
Bergen,Oradell,0244,38,5,3404990,2042,2023,76,39,1,2,0,0,2,35,4220,prez_dem,2042,2023,0.450236967,48.38862559,47.93838863,1.800947867,0.924170616,120,2.843601896
Bergen,Palisades Park,0245,37,9,3405770,2672,1332,35,37,3,1,0,0,1,13,4094,prez_dem,2672,1332,32.7308256,65.26624328,32.53541768,0.854909624,0.903761602,77,1.880801172
Bergen,Paramus,0246,38,5,3405950,5569,6065,209,77,11,3,3,0,2,3,11942,prez_rep,6065,5569,4.153408139,46.63372969,50.78713783,1.750125607,0.644783118,305,2.554011053
Bergen,Park Ridge,0247,39,5,3406130,1898,2455,91,39,3,3,1,0,1,33,4524,prez_rep,2455,1898,12.31211317,41.95402299,54.26613616,2.011494253,0.862068966,138,3.050397878
Bergen,Ramsey,0248,39,5,3401680,3421,3841,0,62,11,1,2,1,0,73,7412,prez_rep,3841,3421,5.666486778,46.15488397,51.82137075,0,0.836481382,77,1.038855909
Bergen,Ridgefield,0249,36,9,3402910,2092,1696,68,37,0,1,0,0,3,16,3913,prez_dem,2092,1696,10.12011245,53.46281625,43.34270381,1.737797087,0.945566062,109,2.785586507
Bergen,Ridgefield Park,0250,36,9,3402940,3183,1752,81,71,3,1,2,3,0,34,5130,prez_dem,3183,1752,27.89473684,62.04678363,34.15204678,1.578947368,1.384015595,161,3.138401559
Bergen,Ridgewood,0251,40,5,3403000,6958,4245,336,97,15,6,3,1,5,132,11798,prez_dem,6958,4245,22.99542295,58.97609764,35.98067469,2.847940329,0.82217325,463,3.924393965
Bergen,River Edge,0252,38,5,3403360,2789,2095,119,40,5,2,2,0,0,39,5091,prez_dem,2789,2095,13.63189943,54.7829503,41.15105087,2.33745826,0.785700255,168,3.299941072
Bergen,River Vale,0253,39,5,3403690,2287,2730,114,32,5,2,0,0,0,27,5197,prez_rep,2730,2287,8.524148547,44.0061574,52.53030595,2.193573215,0.61573985,153,2.944006157
Bergen,Rochelle Park,0254,38,5,3403990,1176,1334,48,18,4,0,2,0,1,14,2597,prez_rep,1334,1176,6.083943011,45.28301887,51.36696188,1.848286484,0.693107432,73,2.810935695
Bergen,Rockleigh,0255,37,5,3404170,38,76,4,0,0,0,0,0,0,0,118,prez_rep,76,38,32.20338983,32.20338983,64.40677966,3.389830508,0,4,3.389830508
Bergen,Rutherford,0256,36,9,3405280,4430,3457,171,117,9,7,2,0,5,60,8258,prez_dem,4430,3457,11.78251393,53.64495035,41.86243643,2.070719302,1.416807944,311,3.766045047
Bergen,Saddle Brook,0257,38,9,3405340,2798,3437,94,57,4,0,3,0,0,27,6420,prez_rep,3437,2798,9.953271028,43.58255452,53.53582555,1.464174455,0.887850467,158,2.46105919
Bergen,Saddle River,0258,39,5,3405400,495,1108,31,10,0,3,0,1,1,11,1660,prez_rep,1108,495,36.92771084,29.81927711,66.74698795,1.86746988,0.602409639,46,2.771084337
Bergen,South Hackensack,0259,36,9,3408970,525,444,9,14,0,1,0,0,0,4,997,prez_dem,525,444,8.124373119,52.65797392,44.5336008,0.902708124,1.404212638,24,2.407221665
Bergen,Teaneck,0260,37,"5, 9",3402360,13778,3887,284,176,12,8,5,6,8,179,18343,prez_dem,13778,3887,53.92247724,75.11312217,21.19064493,1.548274546,0.959494085,499,2.720383798
Bergen,Tenafly,0261,37,9,3402420,3923,1769,121,53,7,0,3,0,1,62,5939,prez_dem,3923,1769,36.26873211,66.0548914,29.78615929,2.03738003,0.892406129,185,3.115002526
Bergen,Teterboro,0262,36,9,3402480,13,13,0,0,0,0,0,0,0,0,26,tie,0,0,0,50,50,0,0,0,0
Bergen,Upper Saddle River,0263,39,5,3405140,1692,2169,72,31,3,2,1,1,1,26,3998,prez_rep,2169,1692,11.93096548,42.32116058,54.25212606,1.80090045,0.775387694,111,2.776388194
Bergen,Waldwick,0264,40,5,3406400,2126,2586,106,56,10,2,1,0,0,44,4931,prez_rep,2586,2126,9.328736565,43.11498682,52.44372338,2.149665382,1.135672277,175,3.548975867
Bergen,Wallington,0265,36,9,3406490,1524,2110,40,48,3,1,2,1,2,17,3748,prez_rep,2110,1524,15.63500534,40.66168623,56.29669157,1.067235859,1.280683031,97,2.588046958
Bergen,Washington Twp,0266,39,5,3407135,1919,2805,101,35,3,1,2,0,0,27,4893,prez_rep,2805,1919,18.10750051,39.21929287,57.32679338,2.064173309,0.715307582,142,2.902105048
Bergen,Westwood,0267,39,5,3400270,2638,2405,97,61,2,2,3,0,2,31,5241,prez_dem,2638,2405,4.445716466,50.33390574,45.88818928,1.850791834,1.163900019,167,3.186414806
Bergen,Wood-Ridge,0269,36,9,3402570,1551,1328,60,22,1,0,1,0,0,25,2988,prez_dem,1551,1328,7.463186078,51.90763052,44.44444444,2.008032129,0.736278447,84,2.81124498
Bergen,Woodcliff Lake,0268,39,5,3402300,1967,2193,87,30,5,1,0,0,1,22,4306,prez_rep,2193,1967,5.248490478,45.68044589,50.92893637,2.0204366,0.696702276,124,2.87970274
Bergen,Wyckoff,0270,40,5,3403050,3518,4754,219,60,9,3,4,1,0,93,8661,prez_rep,4754,3518,14.27086941,40.61886618,54.8897356,2.528576377,0.692760651,296,3.417619213
Burlington,Bass River,0301,9,2,3403370,162,486,3,10,1,0,0,0,0,3,665,prez_rep,486,162,48.72180451,24.36090226,73.08270677,0.45112782,1.503759398,14,2.105263158
Burlington,Beverly,0302,7,3,3405740,577,319,29,24,2,0,0,0,0,7,958,prez_dem,577,319,26.93110647,60.22964509,33.29853862,3.027139875,2.505219207,55,5.741127349
Burlington,Bordentown,0303,7,3,3406670,1168,614,65,45,2,5,0,3,0,29,1931,prez_dem,1168,614,28.68979803,60.48679441,31.79699637,3.366131538,2.330398757,120,6.214396686
Burlington,Bordentown Twp,0304,7,3,3406700,1680,1666,74,49,3,2,1,2,0,29,3506,prez_dem,1680,1666,0.399315459,47.91785511,47.51853965,2.110667427,1.397604107,131,3.736451797
Burlington,Burlington,0305,7,3,3408920,2256,1146,69,47,9,0,0,4,0,28,3559,prez_dem,2256,1146,31.18853611,63.3885923,32.2000562,1.938746839,1.320595673,129,3.624613656
Burlington,Burlington Twp,0306,7,3,3408950,6692,3201,179,88,18,3,2,3,2,84,10272,prez_dem,6692,3201,33.9855919,65.14797508,31.16238318,1.742601246,0.856697819,295,2.871884735
Burlington,Chesterfield,0307,12,3,3402670,1158,1221,53,31,1,4,0,1,0,31,2500,prez_rep,1221,1158,2.52,46.32,48.84,2.12,1.24,90,3.6
Burlington,Cinnaminson,0308,7,3,3402940,3916,3458,136,82,17,3,3,6,3,104,7728,prez_dem,3916,3458,5.926501035,50.67287785,44.74637681,1.759834369,1.061076605,250,3.234989648
Burlington,Delanco,0309,7,3,3407080,1205,906,26,51,5,1,1,2,1,8,2206,prez_dem,1205,906,13.55394379,54.6237534,41.06980961,1.178603808,2.3118767,87,3.943789665
Burlington,Delran,0310,7,3,3407440,3906,3298,137,74,6,5,1,0,0,68,7495,prez_dem,3906,3298,8.112074716,52.11474316,44.00266845,1.827885257,0.987324883,223,2.975316878
Burlington,Eastampton,0311,8,3,3408790,1418,1015,72,37,8,1,0,0,0,29,2580,prez_dem,1418,1015,15.62015504,54.96124031,39.34108527,2.790697674,1.434108527,118,4.573643411
Burlington,Edgewater Park,0312,7,3,3400050,2166,1050,54,37,6,3,0,4,0,18,3338,prez_dem,2166,1050,33.43319353,64.88915518,31.45596165,1.617735171,1.108448173,104,3.115638107
Burlington,Evesham,0313,8,3,3402110,11262,9722,519,200,30,16,1,6,3,249,22008,prez_dem,11262,9722,6.997455471,51.17230098,44.17484551,2.35823337,0.908760451,775,3.521446747
Burlington,Fieldsboro,0314,7,3,3403250,121,117,14,5,0,0,0,0,0,0,257,prez_dem,121,117,1.556420233,47.08171206,45.52529183,5.447470817,1.945525292,19,7.392996109
Burlington,Florence,0315,7,3,3403850,2804,2590,127,80,7,5,3,6,1,55,5678,prez_dem,2804,2590,3.768932723,49.38358577,45.61465305,2.236703064,1.408946812,229,4.03311025
Burlington,Hainesport,0316,8,3,3409010,1408,1456,89,32,2,1,1,1,0,35,3025,prez_rep,1456,1408,1.58677686,46.54545455,48.1322314,2.94214876,1.05785124,126,4.165289256
Burlington,Lumberton,0317,8,3,3402060,3253,2155,141,58,13,2,1,4,0,72,5699,prez_dem,3253,2155,19.26653799,57.08018951,37.81365152,2.474118266,1.017722407,219,3.842779435
Burlington,Mansfield,0318,8,3,3403290,2169,2387,96,36,9,3,0,4,1,37,4742,prez_rep,2387,2169,4.597216364,45.74019401,50.33741038,2.024462252,0.759173345,149,3.142134121
Burlington,Maple Shade,0319,6,1,3403740,4031,2912,174,97,14,5,1,3,2,59,7298,prez_dem,4031,2912,15.33296794,55.23431077,39.90134283,2.384214853,1.329131269,296,4.055905728
Burlington,Medford,0320,8,3,3405120,5512,6154,306,124,15,5,1,4,3,144,12268,prez_rep,6154,5512,5.233126834,44.92989892,50.16302576,2.494294098,1.0107597,458,3.73328986
Burlington,Medford Lakes,0321,8,3,3405210,1062,1032,80,22,4,1,0,0,0,28,2229,prez_dem,1062,1032,1.34589502,47.64468371,46.29878869,3.589053387,0.986989682,107,4.800358905
Burlington,Moorestown,0322,7,3,3407880,5636,4105,270,114,7,2,0,5,2,157,10298,prez_dem,5636,4105,14.86696446,54.72907361,39.86210915,2.621868324,1.10701107,400,3.884249369
Burlington,Mount Holly,0323,8,3,3408900,2225,1034,93,51,7,6,1,5,2,38,3462,prez_dem,2225,1034,34.40207972,64.26920855,29.86712883,2.686308492,1.473136915,165,4.766031196
Burlington,Mount Laurel,0324,7,3,3409020,11402,7704,471,156,34,8,2,5,2,216,20000,prez_dem,11402,7704,18.49,57.01,38.52,2.355,0.78,678,3.39
Burlington,New Hanover,0325,12,3,3401510,153,259,9,1,1,0,0,0,0,1,424,prez_rep,259,153,25,36.08490566,61.08490566,2.122641509,0.235849057,11,2.594339623
Burlington,North Hanover,0326,12,3,3403070,724,1348,64,32,4,1,0,1,0,23,2197,prez_rep,1348,724,28.40236686,32.95402822,61.35639508,2.913063268,1.456531634,102,4.642694584
Burlington,Palmyra,0327,7,1,3405800,2035,1180,77,36,5,2,1,3,1,35,3375,prez_dem,2035,1180,25.33333333,60.2962963,34.96296296,2.281481481,1.066666667,125,3.703703704
Burlington,Pemberton,0328,8,3,3407480,294,283,14,10,0,1,0,0,0,8,610,prez_dem,294,283,1.803278689,48.19672131,46.39344262,2.295081967,1.639344262,25,4.098360656
Burlington,Pemberton Twp,0329,8,3,3407510,4808,3675,177,131,20,6,0,4,3,83,8907,prez_dem,4808,3675,12.72033232,53.98001572,41.2596834,1.987201078,1.47075334,341,3.828449534
Burlington,Riverside,0330,7,3,3403510,1259,1160,48,41,1,4,0,1,2,21,2537,prez_dem,1259,1160,3.902246748,49.62554198,45.72329523,1.891998423,1.616081987,97,3.82341348
Burlington,Riverton,0331,7,3,3403660,776,522,48,27,7,2,3,0,0,18,1403,prez_dem,776,522,18.10406272,55.31004989,37.20598717,3.4212402,1.924447612,87,6.200997862
Burlington,Shamong,0332,8,3,3406810,1117,1939,98,31,5,3,0,0,1,42,3236,prez_rep,1939,1117,25.40173053,34.51792336,59.91965389,3.028430161,0.957972806,138,4.264524104
Burlington,Southampton,0333,8,3,3408610,1995,3117,102,47,11,2,1,2,0,44,5321,prez_rep,3117,1995,21.08626198,37.49295245,58.57921443,1.916932907,0.883292614,165,3.10092088
Burlington,Springfield,0334,8,3,3409990,587,1039,49,19,3,1,1,0,2,19,1720,prez_rep,1039,587,26.27906977,34.12790698,60.40697674,2.848837209,1.104651163,75,4.360465116
Burlington,Tabernacle,0335,9,3,3402060,1115,2188,108,29,4,0,0,1,0,36,3481,prez_rep,2188,1115,30.82447573,32.03102557,62.85550129,3.102556737,0.833093939,142,4.079287561
Burlington,Washington Twp,0336,9,2,3407150,131,181,3,4,0,0,0,1,0,6,326,prez_rep,181,131,15.33742331,40.18404908,55.52147239,0.920245399,1.226993865,8,2.45398773
Burlington,Westampton,0337,8,3,3408200,2669,1319,96,40,7,1,1,2,1,31,4167,prez_dem,2669,1319,32.39740821,64.05087593,31.65346772,2.303815695,0.959923206,148,3.551715863
Burlington,Willingboro,0338,7,3,3401440,12895,1093,108,152,9,10,2,6,5,57,14337,prez_dem,12895,1093,82.31847667,89.94210783,7.623631164,0.753295669,1.060193904,292,2.036688289
Burlington,Woodland,0339,8,3,3402420,200,413,24,12,1,1,0,0,1,9,661,prez_rep,413,200,32.22390318,30.25718608,62.48108926,3.63086233,1.815431165,39,5.900151286
Burlington,Wrightstown,0340,12,3,3402960,103,75,2,1,0,0,0,1,0,3,185,prez_dem,103,75,15.13513514,55.67567568,40.54054054,1.081081081,0.540540541,4,2.162162162
Camden,Audubon,0401,5,1,3402200,2441,1849,97,71,23,0,2,1,4,51,4539,prez_dem,2441,1849,13.04252038,53.77836528,40.7358449,2.137034589,1.564221194,198,4.362194316
Camden,Audubon Park,0402,5,1,3402230,260,211,7,5,1,0,0,0,1,3,488,prez_dem,260,211,10.04098361,53.27868852,43.23770492,1.43442623,1.024590164,14,2.868852459
Camden,Barrington,0403,5,1,3403250,1472,1129,82,43,19,0,0,2,1,37,2785,prez_dem,1472,1129,12.31597846,52.8545781,40.53859964,2.944344704,1.543985637,147,5.278276481
Camden,Bellmawr,0404,5,1,3404750,2055,2014,76,37,15,2,3,0,3,36,4241,prez_dem,2055,2014,0.966753124,48.45555294,47.48879981,1.792030182,0.872435746,136,3.206790851
Camden,Berlin,0405,8,1,3405440,1309,1495,72,33,,3,0,1,1,29,2943,prez_rep,1495,1309,6.320081549,44.47842338,50.79850493,2.44648318,1.121304791,110,3.737682637
Camden,Berlin Twp,0406,6,1,3405470,1032,932,34,12,3,0,1,1,0,16,2031,prez_dem,1032,932,4.923682915,50.81240768,45.88872477,1.674052191,0.59084195,51,2.511078287
Camden,Brooklawn,0407,5,1,3408170,390,275,25,5,2,1,1,0,0,16,715,prez_dem,390,275,16.08391608,54.54545455,38.46153846,3.496503497,0.699300699,34,4.755244755
Camden,Camden,0408,5,1,3400000,16547,695,47,107,34,5,2,0,2,60,17499,prez_dem,16547,695,90.5880336,94.55968913,3.971655523,0.268586776,0.611463512,197,1.125778616
Camden,Cherry Hill,0409,6,1,3402280,17461,9532,605,246,55,11,4,4,5,367,28290,prez_dem,17461,9532,28.02757158,61.72145634,33.69388476,2.138564864,0.869565217,930,3.2873807
Camden,Chesilhurst,0410,4,1,3402550,414,143,2,6,3,0,0,0,0,4,572,prez_dem,414,143,47.37762238,72.37762238,25,0.34965035,1.048951049,11,1.923076923
Camden,Clementon,0411,4,1,3403420,941,594,37,24,7,2,1,0,1,18,1625,prez_dem,941,594,21.35384615,57.90769231,36.55384615,2.276923077,1.476923077,72,4.430769231
Camden,Collingswood,0412,6,1,3404260,4294,1493,160,111,12,2,6,4,2,78,6162,prez_dem,4294,1493,45.45602077,69.68516715,24.22914638,2.596559559,1.801363194,297,4.819863681
Camden,Gibbsboro,0413,6,1,3406070,478,487,35,10,4,0,0,0,0,8,1022,prez_rep,487,478,0.880626223,46.77103718,47.65166341,3.424657534,0.978473581,49,4.794520548
Camden,Gloucester City,0414,5,1,3406820,1710,1560,59,34,12,3,0,0,3,45,3426,prez_dem,1710,1560,4.378283713,49.91243433,45.53415061,1.722124927,0.992410975,111,3.239929947
Camden,Gloucester Twp,0415,4,1,3406760,13109,9625,434,197,79,8,4,3,6,214,23679,prez_dem,13109,9625,14.71345918,55.3612906,40.64783141,1.832847671,0.831960809,731,3.087123612
Camden,Haddon Heights,0418,5,1,3408800,2013,1350,112,40,27,0,1,1,2,50,3596,prez_dem,2013,1350,18.43715239,55.97886541,37.54171301,3.114571746,1.112347052,183,5.088987764
Camden,Haddon Twp,0416,6,1,3408740,4183,2450,215,92,18,1,1,2,1,78,7041,prez_dem,4183,2450,24.61298111,59.40917483,34.79619372,3.053543531,1.306632581,330,4.686834256
Camden,Haddonfield,0417,6,1,3408770,3192,1672,140,38,12,0,2,1,0,103,5160,prez_dem,3192,1672,29.45736434,61.86046512,32.40310078,2.713178295,0.736434109,193,3.740310078
Camden,Hi-Nella,0419,6,1,3402220,189,120,10,5,2,0,0,0,0,2,328,prez_dem,189,120,21.03658537,57.62195122,36.58536585,3.048780488,1.524390244,17,5.182926829
Camden,Laurel Springs,0420,4,1,3409210,406,358,23,10,4,0,0,0,1,11,813,prez_dem,406,358,5.904059041,49.93849938,44.03444034,2.82902829,1.2300123,38,4.67404674
Camden,Lawnside,0421,5,1,3409420,1255,28,3,7,2,1,0,0,0,4,1300,prez_dem,1255,28,94.38461538,96.53846154,2.153846154,0.230769231,0.538461539,13,1
Camden,Lindenwold,0422,4,1,3400440,3610,1076,66,60,20,2,0,1,1,50,4886,prez_dem,3610,1076,51.86246418,73.88456815,22.02210397,1.350798199,1.227998363,150,3.069995907
Camden,Magnolia,0423,5,1,3402630,1030,587,37,15,6,1,1,0,1,11,1689,prez_dem,1030,587,26.2285376,60.98283008,34.75429248,2.190645352,0.888099467,61,3.6116045
Camden,Merchantville,0424,6,1,3405510,979,466,34,21,4,2,0,2,1,29,1538,prez_dem,979,466,33.3550065,63.65409623,30.29908973,2.210663199,1.365409623,64,4.161248375
Camden,Mount Ephraim,0425,5,1,3408750,960,844,49,19,8,1,0,0,1,19,1901,prez_dem,960,844,6.102051552,50.49973698,44.39768543,2.577590742,0.999473961,78,4.10310363
Camden,Oaklyn,0426,6,1,3403880,1011,639,44,24,9,0,0,0,2,19,1748,prez_dem,1011,639,21.28146453,57.8375286,36.55606407,2.517162471,1.372997712,79,4.519450801
Camden,Pennsauken,0427,6,1,3407660,9774,2751,150,98,42,8,2,6,5,110,12946,prez_dem,9774,2751,54.2484165,75.49822339,21.24980689,1.158659045,0.756990576,311,2.402286421
Camden,Pine Hill,0428,8,1,3408770,2205,1168,64,34,17,2,0,0,3,36,3529,prez_dem,2205,1168,29.38509493,62.4822896,33.09719467,1.813544914,0.963445735,120,3.400396713
Camden,Pine Valley,0429,8,1,3408920,0,0,0,0,0,0,0,0,0,0,0,none,0,0,0,0,0,0,0,0,0
Camden,Runnemede,0430,5,1,3405160,1539,1375,71,25,8,3,0,2,1,6,3030,prez_dem,1539,1375,5.412541254,50.79207921,45.37953795,2.343234323,0.825082508,110,3.630363036
Camden,Somerdale,0431,6,1,3408340,1360,650,37,16,7,0,0,0,0,24,2094,prez_dem,1360,650,33.90639924,64.94746896,31.04106972,1.7669532,0.76408787,60,2.865329513
Camden,Stratford,0432,6,1,3401220,1381,1136,65,32,17,1,0,0,0,35,2667,prez_dem,1381,1136,9.186351706,51.78102737,42.59467567,2.437195351,1.199850019,115,4.311961005
Camden,Tavistock,0433,6,1,3402240,0,0,0,0,0,0,0,0,0,0,0,none,0,0,0,0,0,0,0,0,0
Camden,Voorhees,0434,6,1,3406220,6788,4022,212,80,33,0,0,3,3,123,11354,prez_dem,6788,4022,24.36145852,59.78509776,35.42363925,1.867183371,0.704597499,331,2.915272151
Camden,Waterford,0435,8,2,3407630,1599,2519,95,35,18,3,0,0,0,36,4344,prez_rep,2519,1599,21.1786372,36.80939227,57.98802947,2.186924494,0.805709024,151,3.476058932
Camden,Winslow,0436,4,1,3401740,9494,4573,203,89,70,6,1,5,6,109,14627,prez_dem,9494,4573,33.64326246,64.9073631,31.26410064,1.387844397,0.6084638,380,2.597935325
Camden,Woodlynne,0437,5,1,3402450,687,109,10,10,4,0,1,2,1,3,832,prez_dem,687,109,69.47115385,82.57211538,13.10096154,1.201923077,1.201923077,28,3.365384615
Cape May,Avalon,0501,1,2,3402320,325,511,16,4,1,0,0,1,0,8,866,prez_rep,511,325,21.47806005,37.52886836,59.00692841,1.847575058,0.461893764,22,2.540415704
Cape May,Cape May,0502,1,2,3400270,648,728,35,13,0,1,0,0,0,25,1450,prez_rep,728,648,5.517241379,44.68965517,50.20689655,2.413793103,0.896551724,49,3.379310345
Cape May,Cape May Point,0503,1,2,3400330,78,62,4,1,0,0,0,0,0,3,148,prez_dem,78,62,10.81081081,52.7027027,41.89189189,2.702702703,0.675675676,5,3.378378378
Cape May,Dennis,0504,1,2,3407560,1164,2160,81,43,16,0,1,0,1,28,3494,prez_rep,2160,1164,28.5060103,33.31425301,61.82026331,2.318259874,1.230681168,142,4.064109903
Cape May,Lower Township,0505,1,2,3401610,3840,6307,186,83,45,6,3,1,3,103,10577,prez_rep,6307,3840,23.32419401,36.30519051,59.62938451,1.758532665,0.784721566,327,3.091613879
Cape May,Middle Township,0506,1,2,3405810,3645,5175,156,61,38,6,3,3,6,99,9192,prez_rep,5175,3645,16.64490862,39.654047,56.29895561,1.697127937,0.66362054,273,2.96997389
Cape May,North Wildwood,0507,1,2,3403490,671,1331,31,12,6,1,0,1,0,21,2074,prez_rep,1331,671,31.82256509,32.35294118,64.17550627,1.494696239,0.578592093,51,2.459016393
Cape May,Ocean City,0508,1,2,3404360,2649,3690,119,46,17,3,0,1,6,84,6615,prez_rep,3690,2649,15.73696145,40.04535147,55.78231293,1.798941799,0.695389267,192,2.902494331
Cape May,Sea Isle City,0509,1,2,3406390,480,891,19,4,3,0,1,0,0,17,1415,prez_rep,891,480,29.0459364,33.92226148,62.96819788,1.342756184,0.282685512,27,1.908127208
Cape May,Stone Harbor,0510,1,2,3401010,187,295,12,3,1,0,0,0,0,7,505,prez_rep,295,187,21.38613861,37.02970297,58.41584158,2.376237624,0.594059406,16,3.168316832
Cape May,Upper Township,0511,1,2,3404810,2544,4270,176,72,27,4,2,2,3,89,7189,prez_rep,4270,2544,24.00890249,35.38739741,59.3962999,2.448184727,1.001530115,286,3.978300181
Cape May,West Cape May,0512,1,2,3408530,354,234,11,6,1,0,0,0,0,9,615,prez_dem,354,234,19.51219512,57.56097561,38.04878049,1.788617886,0.975609756,18,2.926829268
Cape May,West Wildwood,0513,1,2,3400210,107,181,2,3,2,0,0,0,0,2,297,prez_rep,181,107,24.91582492,36.02693603,60.94276094,0.673400673,1.01010101,7,2.356902357
Cape May,Wildwood,0514,1,2,3401170,765,843,12,11,2,1,0,0,1,14,1649,prez_rep,843,765,4.730139478,46.39175258,51.12189206,0.727713766,0.667070952,27,1.637355973
Cape May,Wildwood Crest,0515,1,2,3401200,546,1137,21,15,3,3,0,0,0,11,1736,prez_rep,1137,546,34.0437788,31.4516129,65.49539171,1.209677419,0.8640553,42,2.419354839
Cape May,Woodbine,0516,1,2,3401890,479,302,10,7,1,1,0,1,0,5,806,prez_dem,479,302,21.96029777,59.4292804,37.46898263,1.240694789,0.868486352,20,2.481389578
Cumberland,Bridgeton,0601,3,2,3407600,3173,979,66,36,5,2,2,4,1,22,4350,prez_dem,3173,979,50.43678161,72.94252874,22.50574713,1.517241379,0.827586207,116,2.666666667
Cumberland,Commercial,0602,1,2,3404710,644,960,31,24,1,0,2,1,1,13,1704,prez_rep,960,644,18.54460094,37.79342723,56.33802817,1.819248826,1.408450704,60,3.521126761
Cumberland,Deerfield,0603,3,2,3406900,513,737,24,10,0,0,1,1,0,3,1307,prez_rep,737,513,17.13848508,39.25019128,56.38867636,1.836266259,0.765110941,36,2.754399388
Cumberland,Downe,0604,1,2,3408220,137,525,12,6,3,0,0,1,0,1,698,prez_rep,525,137,55.58739255,19.62750716,75.21489971,1.719197708,0.859598854,22,3.151862464
Cumberland,Fairfield,0605,1,2,3402350,1431,599,28,18,6,0,2,2,1,8,2123,prez_dem,1431,599,39.18982572,67.40461611,28.21479039,1.318888366,0.847856806,57,2.684879887
Cumberland,Greenwich,0606,1,2,3408170,177,222,13,5,1,0,0,0,0,3,424,prez_rep,222,177,10.61320755,41.74528302,52.35849057,3.066037736,1.179245283,19,4.481132075
Cumberland,Hopewell,0607,1,2,3403120,654,1282,44,12,7,1,1,1,0,14,2036,prez_rep,1282,654,30.84479371,32.12180747,62.96660118,2.161100196,0.589390963,66,3.241650295
Cumberland,Lawrence,0608,1,2,3409450,356,797,19,6,5,2,0,2,1,9,1208,prez_rep,797,356,36.50662252,29.47019868,65.97682119,1.572847682,0.496688742,35,2.897350993
Cumberland,Maurice River,0609,1,2,3404580,407,997,29,20,2,1,0,0,0,9,1484,prez_rep,997,407,39.7574124,27.42587601,67.18328841,1.954177898,1.347708895,52,3.504043127
Cumberland,Millville,0610,1,2,3406680,5073,4961,226,100,23,6,4,10,6,71,10593,prez_dem,5073,4961,1.057301992,47.89011611,46.83281412,2.133484376,0.944019636,375,3.540073634
Cumberland,Shiloh,0611,1,2,3407020,67,175,7,1,1,0,0,0,0,1,253,prez_rep,175,67,42.68774704,26.48221344,69.16996047,2.766798419,0.395256917,9,3.557312253
Cumberland,Stow Creek,0612,1,2,3401160,194,481,15,3,0,0,1,1,0,3,710,prez_rep,481,194,40.42253521,27.32394366,67.74647887,2.112676056,0.422535211,20,2.816901408
Cumberland,Upper Deerfield,0613,3,2,3404870,1306,2029,78,28,8,2,3,1,1,28,3526,prez_rep,2029,1306,20.50482133,37.03913783,57.54395916,2.2121384,0.794100964,121,3.431650596
Cumberland,Vineland,0614,1,2,3406070,11958,8619,386,200,36,21,15,29,11,109,21670,prez_dem,11958,8619,15.40839871,55.18227965,39.77388094,1.781264421,0.922934933,698,3.221042916
Essex,Belleville,0701,29,8,3404695,8007,4846,136,153,14,24,10,5,6,79,13413,prez_dem,8007,4846,23.56668903,59.69581749,36.12912846,1.013941698,1.140684411,348,2.594497875
Essex,Bloomfield,0702,28,"10, 11",3406260,14333,5826,283,288,25,31,9,9,3,158,21140,prez_dem,14333,5826,40.24124882,67.80037843,27.55912961,1.338694418,1.362346263,648,3.065279092
Essex,Caldwell,0703,27,11,3409250,1722,1570,80,32,10,7,3,1,0,34,3501,prez_dem,1722,1570,4.341616681,49.18594687,44.84433019,2.285061411,0.914024564,133,3.798914596
Essex,Cedar Grove,0704,40,11,3401200,2686,3716,96,36,7,3,1,1,0,53,6682,prez_rep,3716,2686,15.41454654,40.19754565,55.61209219,1.4366956,0.53876085,144,2.1550434
Essex,East Orange,0705,34,10,3409390,21113,572,46,180,10,19,2,2,20,50,22212,prez_dem,21113,572,92.47703944,95.05222402,2.575184585,0.207095264,0.810372772,279,1.256077796
Essex,Essex Fells,0706,27,11,3401840,503,707,43,4,0,1,1,0,0,19,1304,prez_rep,707,503,15.64417178,38.57361963,54.21779141,3.297546012,0.306748466,49,3.757668712
Essex,Fairfield,0707,26,11,3402385,994,2827,38,20,2,2,4,2,1,26,3956,prez_rep,2827,994,46.3346815,25.12639029,71.46107179,0.960566229,0.505561173,69,1.744186047
Essex,Glen Ridge,0708,28,10,3406610,2971,963,104,33,7,3,2,1,0,52,4175,prez_dem,2971,963,48.09580838,71.16167665,23.06586826,2.491017964,0.790419162,150,3.592814371
Essex,Irvington,0709,28,10,3404450,15930,562,32,105,12,12,4,5,3,43,16821,prez_dem,15930,562,91.36198799,94.70304976,3.341061768,0.190238393,0.624219725,173,1.028476309
Essex,Livingston,0710,27,11,3400890,8943,5425,249,82,11,10,7,1,4,139,15066,prez_dem,8943,5425,23.35059073,59.35882119,36.00823045,1.652727997,0.54427187,364,2.416036108
Essex,Maplewood,0711,27,10,3403800,11240,1227,128,164,12,10,1,4,4,81,12971,prez_dem,11240,1227,77.19528178,86.65484542,9.459563642,0.986816745,1.264358955,323,2.49017038
Essex,Millburn,0712,27,7,3406380,6628,2736,259,63,6,5,2,0,1,136,9982,prez_dem,6628,2736,38.99018233,66.39951913,27.40933681,2.594670407,0.631136045,336,3.366058906
Essex,Montclair,0713,34,"10, 11",3407500,17649,2271,302,282,19,15,10,5,5,202,20897,prez_dem,17649,2271,73.58951046,84.45709911,10.86758865,1.445183519,1.349476001,638,3.053069819
Essex,Newark,0714,"28, 29","8, 10",3401000,69042,5094,236,676,59,86,33,22,27,234,76157,prez_dem,69042,5094,83.96864372,90.65745762,6.688813898,0.309886156,0.887640007,1139,1.495594627
Essex,North Caldwell,0715,26,11,3402620,1656,1773,61,24,5,2,2,1,0,40,3613,prez_rep,1773,1656,3.238306117,45.83448658,49.07279269,1.688347634,0.664267921,95,2.629393856
Essex,Nutley,0716,28,11,3403680,6519,6971,230,159,19,9,15,4,4,113,14176,prez_rep,6971,6519,3.188487585,45.98617381,49.1746614,1.622460497,1.121613995,440,3.103837472
Essex,Orange,0717,34,10,3403045,8790,399,26,85,10,13,3,2,3,35,9461,prez_dem,8790,399,88.69041328,92.90772646,4.21731318,0.274812388,0.898425114,142,1.500898425
Essex,Roseland,0718,27,11,3404590,1621,2001,65,20,4,3,0,0,0,35,3805,prez_rep,2001,1621,9.986859396,42.60183968,52.58869908,1.708278581,0.525624179,92,2.417871222
Essex,South Orange,0719,27,10,3409274,7349,890,116,110,3,6,3,2,0,66,8598,prez_dem,7349,890,75.12212142,85.4733659,10.35124448,1.349150965,1.279367295,240,2.791346825
Essex,Verona,0720,26,11,3405815,4143,3437,170,71,12,7,4,1,1,81,8034,prez_dem,4143,3437,8.787652477,51.56833458,42.7806821,2.11600697,0.883744088,266,3.310928554
Essex,West Caldwell,0721,26,11,3408510,2737,3100,103,54,10,5,1,0,2,51,6152,prez_rep,3100,2737,5.900520156,44.48959688,50.39011704,1.674252276,0.877763329,175,2.844603381
Essex,West Orange,0722,27,"10, 11",3409800,16455,5146,225,189,20,22,6,4,9,181,22479,prez_dem,16455,5146,50.30917745,73.20165488,22.89247742,1.000934205,0.840784732,475,2.113083322
Gloucester,Clayton,0801,3,2,3403360,1969,1644,81,30,11,2,2,0,9,35,3783,prez_dem,1969,1644,8.591065292,52.04863865,43.45757335,2.141157811,0.793021412,135,3.568596352
Gloucester,Deptford,0802,5,1,3407710,7607,6099,307,119,25,5,9,2,26,134,14333,prez_dem,7607,6099,10.52117491,53.07332729,42.55215238,2.141910277,0.830251866,493,3.439614875
Gloucester,East Greenwich,0803,3,"1, 2",3409180,2371,2815,149,39,17,3,0,0,5,99,5498,prez_rep,2815,2371,8.075663878,43.12477264,51.20043652,2.710076391,0.709348854,213,3.874136049
Gloucester,Elk,0804,3,2,3401060,868,1177,39,27,7,0,1,0,2,28,2149,prez_rep,1177,868,14.37878083,40.39087948,54.76966031,1.81479758,1.256398325,76,3.536528618
Gloucester,Franklin Twp,0805,3,2,3404840,2911,4580,177,72,11,6,3,0,18,84,7862,prez_rep,4580,2911,21.22869499,37.02620198,58.25489697,2.251335538,0.915797507,287,3.650470618
Gloucester,Glassboro,0806,3,1,3406340,4098,2756,169,62,18,0,3,1,14,102,7223,prez_dem,4098,2756,18.57953759,56.73542849,38.1558909,2.339748027,0.858369099,267,3.69652499
Gloucester,Greenwich,0807,3,1,3408185,1082,1416,60,28,7,1,0,0,5,22,2621,prez_rep,1416,1082,12.74322778,41.28195345,54.02518123,2.289202594,1.068294544,101,3.853491034
Gloucester,Harrison Twp,0808,5,2,3400180,2763,3673,181,64,14,1,2,4,3,89,6794,prez_rep,3673,2763,13.39417133,40.66823668,54.06240801,2.664115396,0.942007654,269,3.95937592
Gloucester,Logan,0809,3,1,3401160,1545,1270,81,34,9,2,2,0,2,38,2983,prez_dem,1545,1270,9.21890714,51.79349648,42.57458934,2.715387194,1.139792156,130,4.35802883
Gloucester,Mantua,0810,5,2,3403440,3430,4148,169,80,15,3,4,2,7,126,7984,prez_rep,4148,3430,8.992985972,42.96092184,51.95390782,2.116733467,1.002004008,280,3.507014028
Gloucester,Monroe,0811,4,1,3407250,7981,7934,316,135,29,10,4,2,28,166,16605,prez_dem,7981,7934,0.283047275,48.06383619,47.78078892,1.903041253,0.81300813,524,3.155676001
Gloucester,National Park,0812,3,1,3409680,549,625,42,12,4,0,0,1,3,14,1250,prez_rep,625,549,6.08,43.92,50,3.36,0.96,62,4.96
Gloucester,Newfield,0813,3,2,3401390,306,448,22,5,0,1,1,1,1,4,789,prez_rep,448,306,17.99746515,38.78326996,56.78073511,2.78833967,0.633713562,31,3.929024081
Gloucester,Paulsboro,0814,3,1,3407150,1483,609,35,19,2,0,2,1,6,25,2182,prez_dem,1483,609,40.05499542,67.96516957,27.91017415,1.604032997,0.87076077,65,2.978918423
Gloucester,Pitman,0815,4,2,3409070,2204,2131,154,67,15,3,2,1,10,105,4692,prez_dem,2204,2131,1.555839727,46.97357204,45.41773231,3.282182438,1.427962489,252,5.37084399
Gloucester,South Harrison,0816,3,2,3409030,596,1037,57,17,1,1,1,0,2,28,1740,prez_rep,1037,596,25.34482759,34.25287356,59.59770115,3.275862069,0.977011494,79,4.540229885
Gloucester,Swedesboro,0817,3,2,3401850,528,440,36,8,3,0,0,1,1,13,1030,prez_dem,528,440,8.54368932,51.26213592,42.7184466,3.495145631,0.776699029,49,4.757281553
Gloucester,Washington Twp,0818,4,1,3407180,11047,12917,483,171,36,13,7,5,31,286,24996,prez_rep,12917,11047,7.481196992,44.19507121,51.6762682,1.932309169,0.684109458,746,2.984477516
Gloucester,Wenonah,0819,5,1,3408110,759,522,50,21,3,1,0,1,1,23,1381,prez_dem,759,522,17.16147719,54.96017379,37.7986966,3.620564808,1.520637219,77,5.575669804
Gloucester,West Deptford,0820,3,1,3408800,5329,4957,239,100,27,7,3,6,25,134,10827,prez_dem,5329,4957,3.435854807,49.21954373,45.78368893,2.207444352,0.923616884,407,3.759120717
Gloucester,Westville,0821,5,1,3400120,759,845,57,23,6,1,0,0,5,15,1711,prez_rep,845,759,5.026300409,44.36002338,49.38632379,3.331385155,1.344243133,92,5.376972531
Gloucester,Woodbury,0822,5,1,3402120,2683,1348,117,58,9,2,2,0,3,51,4273,prez_dem,2683,1348,31.24268664,62.78960917,31.54692254,2.738123099,1.357360168,191,4.469927451
Gloucester,Woodbury Heights,0823,3,1,3402180,825,800,30,19,5,1,0,1,6,26,1713,prez_dem,825,800,1.459427904,48.16112084,46.70169294,1.751313485,1.109165207,62,3.619381203
Gloucester,Woolwich,0824,3,2,3402840,2608,2756,140,33,6,7,0,1,7,47,5605,prez_rep,2756,2608,2.640499554,46.52988403,49.17038359,2.497769848,0.588760036,194,3.461195361
Hudson,Bayonne,0901,31,"8, 10",3403580,12437,8636,234,274,11,14,17,32,8,97,21760,prez_dem,12437,8636,17.46783088,57.15533088,39.6875,1.075367647,1.259191176,590,2.711397059
Hudson,East Newark,0902,32,8,3409360,392,135,10,8,2,0,0,1,0,1,549,prez_dem,392,135,46.81238616,71.40255009,24.59016393,1.821493625,1.4571949,21,3.825136612
Hudson,Guttenberg,0903,32,8,3408650,2407,705,35,46,1,3,0,7,0,12,3216,prez_dem,2407,705,52.92288557,74.84452736,21.92164179,1.088308458,1.430348259,92,2.860696517
Hudson,Harrison,0904,32,8,3400210,2596,1022,58,41,2,0,2,11,0,24,3756,prez_dem,2596,1022,41.90628328,69.11608094,27.20979766,1.544195953,1.091586794,114,3.03514377
Hudson,Hoboken,0905,33,8,3402250,16111,5034,772,184,17,7,7,10,9,240,22391,prez_dem,16111,5034,49.47076951,71.95301684,22.48224733,3.447813854,0.821758742,1006,4.492876602
Hudson,Jersey City,0906,"31, 33","8, 10",3406000,62319,10735,767,966,67,19,49,99,47,333,75401,prez_dem,62319,10735,68.41288577,82.65009748,14.23721171,1.017227888,1.281150117,2014,2.671052108
Hudson,Kearny,0907,32,"8, 9",3406510,7251,3922,152,168,15,6,11,33,9,51,11618,prez_dem,7251,3922,28.65381305,62.41177483,33.75796178,1.308314684,1.446032019,394,3.391289379
Hudson,North Bergen,0908,32,8,3402470,15140,5010,169,251,15,10,12,47,11,69,20734,prez_dem,15140,5010,48.85694994,73.02016012,24.16321019,0.815086332,1.210572007,515,2.483842963
Hudson,Secaucus,0909,32,9,3406570,3840,3032,82,57,4,5,3,2,3,39,7067,prez_dem,3840,3032,11.43342295,54.33705957,42.90363662,1.160322626,0.806565728,156,2.207443045
Hudson,Union City,0910,33,8,3404630,14127,3322,147,211,19,7,7,61,11,73,17985,prez_dem,14127,3322,60.07784265,78.54879066,18.47094801,0.81734779,1.173199889,463,2.574367528
Hudson,Weehawken,0911,33,8,3407930,4048,1286,85,82,4,0,1,3,1,39,5549,prez_dem,4048,1286,49.77473419,72.9500811,23.17534691,1.531807533,1.477743738,176,3.171742656
Hudson,West New York,0912,32,8,3409610,9312,2776,92,148,10,6,3,25,5,38,12415,prez_dem,9312,2776,52.64599275,75.00604108,22.36004833,0.741039066,1.192106323,289,2.327829239
Hunterdon,Alexandria,1001,23,7,3400550,905,1788,69,30,2,1,1,0,3,39,2838,prez_rep,1788,905,31.11346018,31.88865398,63.00211416,2.431289641,1.057082452,106,3.735024665
Hunterdon,Bethlehem,1002,23,7,3405650,828,1334,79,25,0,0,0,2,0,31,2299,prez_rep,1334,828,22.00956938,36.01565898,58.02522836,3.436276642,1.087429317,106,4.610700304
Hunterdon,Bloomsbury,1003,23,7,3406370,164,253,10,2,1,0,0,0,0,3,433,prez_rep,253,164,20.55427252,37.87528868,58.4295612,2.309468822,0.461893764,13,3.002309469
Hunterdon,Califon,1004,23,7,3409280,270,286,26,9,0,0,0,1,1,8,601,prez_rep,286,270,2.662229617,44.92512479,47.58735441,4.326123128,1.49750416,37,6.15640599
Hunterdon,Clinton,1005,23,7,3403720,661,642,55,19,3,1,2,1,1,16,1401,prez_dem,661,642,1.356174161,47.1805853,45.82441113,3.925767309,1.356174161,82,5.85296217
Hunterdon,Clinton Twp,1006,23,7,3403750,2997,3978,238,89,12,2,1,6,0,106,7429,prez_rep,3978,2997,13.2050074,40.34190335,53.54691076,3.203661327,1.198007807,348,4.684345134
Hunterdon,Delaware,1007,16,7,3407170,1244,1530,70,26,5,4,0,1,0,37,2917,prez_rep,1530,1244,9.804593761,42.64655468,52.45114844,2.399725746,0.891326706,106,3.633870415
Hunterdon,East Amwell,1008,15,7,3408820,973,1302,88,21,1,1,0,2,1,34,2423,prez_rep,1302,973,13.57820883,40.15683038,53.73503921,3.631861329,0.866694181,114,4.704911267
Hunterdon,Flemington,1009,16,7,3403700,793,665,71,29,4,0,2,1,1,23,1589,prez_dem,793,665,8.055380743,49.90560101,41.85022026,4.468219006,1.825047199,108,6.796727502
Hunterdon,Franklin Twp,1010,23,7,3404870,619,1133,62,7,6,0,1,2,0,17,1847,prez_rep,1133,619,27.82891175,33.51380617,61.34271792,3.356794802,0.378992962,78,4.223064429
Hunterdon,Frenchtown,1011,23,7,3405350,422,274,14,21,0,0,0,0,1,9,741,prez_dem,422,274,19.97300945,56.95006748,36.97705803,1.889338731,2.834008097,36,4.858299595
Hunterdon,Glen Gardner,1012,23,7,3406550,334,465,42,7,2,0,0,1,0,9,860,prez_rep,465,334,15.23255814,38.8372093,54.06976744,4.88372093,0.813953488,52,6.046511628
Hunterdon,Hampton Boro,1013,23,7,3409460,249,376,18,6,2,0,0,1,0,10,662,prez_rep,376,249,19.18429003,37.61329305,56.79758308,2.719033233,0.906344411,27,4.078549849
Hunterdon,High Bridge,1014,23,7,3401320,858,906,86,24,1,2,1,2,0,17,1897,prez_rep,906,858,2.530311017,45.22930944,47.75962045,4.533473906,1.265155509,116,6.114918292
Hunterdon,Holland,1015,23,7,3402460,936,1923,100,40,4,2,0,1,1,25,3032,prez_rep,1923,936,32.55277045,30.8707124,63.42348285,3.298153034,1.319261214,148,4.881266491
Hunterdon,Kingwood,1016,23,7,3407065,683,1385,72,22,3,2,1,2,2,14,2186,prez_rep,1385,683,32.11344922,31.24428179,63.35773102,3.2936871,1.006404392,104,4.757548033
Hunterdon,Lambertville,1017,15,7,3408610,1819,575,61,41,3,1,0,2,0,28,2530,prez_dem,1819,575,49.16996047,71.8972332,22.72727273,2.411067194,1.62055336,108,4.268774704
Hunterdon,Lebanon,1018,23,7,3409630,343,495,17,11,0,0,0,1,1,12,880,prez_rep,495,343,17.27272727,38.97727273,56.25,1.931818182,1.25,30,3.409090909
Hunterdon,Lebanon Twp,1019,23,7,3409660,1165,2122,124,38,3,1,0,2,1,24,3480,prez_rep,2122,1165,27.5,33.47701149,60.97701149,3.563218391,1.091954023,169,4.856321839
Hunterdon,Milford,1020,23,7,3406260,268,350,18,12,3,0,0,0,0,11,662,prez_rep,350,268,12.38670695,40.48338369,52.87009063,2.719033233,1.812688822,33,4.98489426
Hunterdon,Raritan Twp,1021,16,7,3401920,5403,6648,358,120,19,4,2,11,3,160,12728,prez_rep,6648,5403,9.781583909,42.44971716,52.23130107,2.812696417,0.942803268,517,4.061910748
Hunterdon,Readington,1022,16,7,3402250,3578,5548,278,100,12,4,2,6,3,97,9628,prez_rep,5548,3578,20.46115496,37.16244287,57.62359784,2.887411716,1.038637308,405,4.206481097
Hunterdon,Stockton,1023,16,7,3400980,197,115,12,8,2,0,0,1,0,2,337,prez_dem,197,115,24.33234421,58.45697329,34.12462908,3.560830861,2.37388724,23,6.824925816
Hunterdon,Tewksbury,1024,23,7,3402510,1396,2100,108,38,1,0,0,3,0,37,3683,prez_rep,2100,1396,19.11485202,37.9038827,57.01873473,2.932392072,1.031767581,150,4.072766766
Hunterdon,Union Twp,1025,23,7,3404420,968,1479,79,42,1,0,1,5,0,35,2610,prez_rep,1479,968,19.57854406,37.08812261,56.66666667,3.026819923,1.609195402,128,4.904214559
Hunterdon,West Amwell,1026,15,7,3408230,724,893,53,18,4,0,1,0,0,18,1711,prez_rep,893,724,9.877264757,42.314436,52.19170076,3.097603741,1.052016365,76,4.441846873
Mercer,East Windsor,1101,14,12,3409780,7105,3361,211,130,17,7,5,1,15,92,10944,prez_dem,7105,3361,34.21052632,64.92141813,30.71089181,1.927997076,1.187865497,386,3.527046784
Mercer,Ewing,1102,15,12,3402185,10556,3991,305,172,26,10,12,1,18,88,15179,prez_dem,10556,3991,43.25054351,69.54344818,26.29290467,2.00935503,1.133144476,544,3.583898808
Mercer,Hamilton,1103,14,4,3409310,19819,17965,899,408,69,38,13,12,52,304,39579,prez_dem,19819,17965,4.684302282,50.07453448,45.39023219,2.271406554,1.030849693,1491,3.767149246
Mercer,Hightstown,1104,14,12,3401620,1318,678,58,31,1,0,0,1,3,21,2111,prez_dem,1318,678,30.31738513,62.43486499,32.11747987,2.747513027,1.468498342,94,4.45286594
Mercer,Hopewell,1105,15,12,3403150,771,252,38,15,0,1,0,0,3,10,1090,prez_dem,771,252,47.6146789,70.73394495,23.11926606,3.486238532,1.376146789,57,5.229357798
Mercer,Hopewell Twp,1106,15,12,3403180,5167,3112,277,107,22,10,3,1,6,100,8805,prez_dem,5167,3112,23.33901193,58.68256672,35.3435548,3.145939807,1.215218626,426,4.838160136
Mercer,Lawrence,1107,15,12,3409510,9337,3909,306,151,16,22,4,3,13,144,13905,prez_dem,9337,3909,39.03631787,67.14850773,28.11218986,2.200647249,1.085940309,515,3.703703704
Mercer,Pennington,1108,15,12,3407600,978,292,40,11,2,1,2,0,0,27,1353,prez_dem,978,292,50.70214339,72.28381375,21.58167036,2.9563932,0.81300813,56,4.13895048
Mercer,Princeton,1114,15,12,3400900,8562,1579,262,158,8,9,2,2,8,155,10745,prez_dem,8562,1579,64.98836668,79.68357376,14.69520707,2.438343416,1.470451373,449,4.178687762
Mercer,Robbinsville,1112,14,4,3403850,3403,2981,196,72,12,7,3,2,13,58,6747,prez_dem,3403,2981,6.254631688,50.43723136,44.18259967,2.904994813,1.067140952,305,4.520527642
Mercer,Trenton,1111,15,12,3404000,18758,1570,95,170,12,23,15,6,22,65,20736,prez_dem,18758,1570,82.88966049,90.46103395,7.571373457,0.458140432,0.819830247,343,1.654128086
Mercer,West Windsor,1113,15,12,3400240,7947,2914,220,94,4,6,1,4,12,134,11336,prez_dem,7947,2914,44.39837685,70.10409315,25.7057163,1.940719831,0.829216655,341,3.008115737
Middlesex,Carteret,1201,19,6,3400750,5832,2506,71,54,9,0,15,4,3,44,8538,prez_dem,5832,2506,38.95525884,68.30639494,29.3511361,0.831576482,0.63246662,156,1.827125791
Middlesex,Cranbury,1202,14,12,3405550,1180,767,63,20,7,0,3,0,2,31,2073,prez_dem,1180,767,19.92281717,56.92233478,36.99951761,3.039073806,0.964785335,95,4.582730342
Middlesex,Dunellen,1203,22,12,3408490,1472,1170,91,41,2,4,5,2,3,38,2828,prez_dem,1472,1170,10.67892504,52.05091938,41.37199434,3.217821782,1.449787836,148,5.233380481
Middlesex,East Brunswick,1204,18,12,3409000,12282,9135,420,251,37,14,27,7,9,222,22404,prez_dem,12282,9135,14.04659882,54.82056776,40.77396893,1.874665238,1.120335654,765,3.414568827
Middlesex,Edison,1205,18,6,3400230,22178,13262,566,326,47,12,32,6,18,244,36691,prez_dem,22178,13262,24.30023712,60.44534082,36.1451037,1.54261263,0.888501267,1007,2.744542258
Middlesex,Helmetta,1206,18,12,3400840,414,608,24,9,0,0,0,0,0,3,1058,prez_rep,608,414,18.33648393,39.13043478,57.46691871,2.268431002,0.850661626,33,3.119092628
Middlesex,Highland Park,1207,18,6,3401470,4619,1211,122,144,7,3,2,3,2,94,6207,prez_dem,4619,1211,54.90575157,74.41598196,19.51023039,1.965522797,2.319961334,283,4.559368455
Middlesex,Jamesburg,1208,14,12,3404890,898,1012,46,27,2,0,0,0,1,17,2003,prez_rep,1012,898,5.691462806,44.83275087,50.52421368,2.296555167,1.347978033,76,3.794308537
Middlesex,Metuchen,1209,18,6,3405690,4573,2375,196,81,10,8,9,1,1,68,7322,prez_dem,4573,2375,30.01912046,62.45561322,32.43649276,2.676864245,1.106255122,306,4.179186015
Middlesex,Middlesex Borough,1210,22,12,3405900,2696,3257,121,61,11,1,12,3,2,47,6211,prez_rep,3257,2696,9.032361938,43.4068588,52.43922074,1.948156497,0.982128482,211,3.397198519
Middlesex,Milltown,1211,17,12,3406620,1553,2056,89,55,3,1,7,3,2,35,3804,prez_rep,2056,1553,13.22292324,40.8254469,54.04837014,2.339642482,1.445846477,160,4.206098843
Middlesex,Monroe,1212,14,12,3407280,12932,11762,310,151,18,4,16,3,11,145,25352,prez_dem,12932,11762,4.615020511,51.00978227,46.39476175,1.222783212,0.595613758,513,2.023508993
Middlesex,New Brunswick,1213,17,6,3401210,8446,1482,178,179,11,6,21,3,12,244,10582,prez_dem,8446,1482,65.80986581,79.81477981,14.004914,1.682101682,1.691551692,410,3.874503875
Middlesex,North Brunswick,1214,17,12,3402560,10720,4745,242,156,14,8,24,1,7,139,16056,prez_dem,10720,4745,37.21350274,66.76631789,29.55281515,1.507224714,0.971599402,452,2.815146986
Middlesex,Old Bridge,1215,12,"6, 12",3404705,13052,14323,479,292,32,14,34,5,16,188,28435,prez_rep,14323,13052,4.469843503,45.90117813,50.37102163,1.684543696,1.026903464,872,3.066643221
Middlesex,Perth Amboy,1216,19,6,3408200,10915,2178,89,133,4,5,36,7,7,71,13445,prez_dem,10915,2178,64.98326515,81.18259576,16.19933061,0.661956118,0.989215322,281,2.089996281
Middlesex,Piscataway,1217,17,6,3409010,15505,5389,357,268,24,6,35,4,20,180,21788,prez_dem,15505,5389,46.4292271,71.16302552,24.73379842,1.638516615,1.230034882,714,3.277033229
Middlesex,Plainsboro,1218,14,12,3409280,5777,1759,156,73,8,4,8,0,2,81,7868,prez_dem,5777,1759,51.06761566,73.42399593,22.35638027,1.982714794,0.927808846,251,3.190137265
Middlesex,Sayreville,1219,19,6,3405790,8766,8479,274,212,23,13,20,7,7,113,17914,prez_dem,8766,8479,1.602098917,48.9337948,47.33169588,1.529529977,1.183431953,556,3.103717763
Middlesex,South Amboy,1220,19,6,3408550,1506,1870,77,36,1,1,6,0,5,25,3527,prez_rep,1870,1506,10.3203856,42.69917777,53.01956337,2.183158492,1.020697477,126,3.572441168
Middlesex,South Brunswick,1221,16,12,3408790,12574,6114,364,192,22,6,22,4,10,170,19478,prez_dem,12574,6114,33.16562275,64.55488243,31.38925968,1.868775028,0.985727487,620,3.183078345
Middlesex,South Plainfield,1222,18,6,3409390,5380,4742,208,114,11,2,15,4,4,75,10555,prez_dem,5380,4742,6.044528659,50.97110374,44.92657508,1.970630033,1.080056845,358,3.391757461
Middlesex,South River,1223,18,12,3409420,2596,2681,99,58,13,1,7,1,1,43,5500,prez_rep,2681,2596,1.545454545,47.2,48.74545455,1.8,1.054545455,180,3.272727273
Middlesex,Spotswood,1224,14,12,3409810,1421,2360,104,31,2,2,5,3,1,31,3960,prez_rep,2360,1421,23.71212121,35.88383838,59.5959596,2.626262626,0.782828283,148,3.737373737
Middlesex,Woodbridge,1225,19,6,3402000,21099,15848,579,417,44,26,68,19,16,245,38361,prez_dem,21099,15848,13.68838143,55.00117307,41.31279164,1.509345429,1.087041527,1169,3.047365814
Monmouth,Aberdeen,1301,13,6,3400070,4300,4090,156,106,6,3,1,1,7,0,8670,prez_dem,4300,4090,2.422145329,49.59630911,47.17416378,1.799307958,1.22260669,280,3.229527105
Monmouth,Allenhurst,1302,11,6,3400730,100,173,4,5,0,0,0,0,0,0,282,prez_rep,173,100,25.88652482,35.46099291,61.34751773,1.418439716,1.773049645,9,3.191489362
Monmouth,Allentown,1303,12,4,3400760,544,477,29,9,2,0,0,0,2,0,1063,prez_dem,544,477,6.302916275,51.17591722,44.87300094,2.72812794,0.846660395,42,3.951081844
Monmouth,Asbury Park,1304,11,6,3401960,3990,729,75,68,2,1,5,2,9,0,4881,prez_dem,3990,729,66.8100799,81.74554395,14.93546404,1.536570375,1.39315714,162,3.31899201
Monmouth,Atlantic Highlands,1305,13,6,3402110,1184,1205,68,43,2,4,4,0,4,0,2514,prez_rep,1205,1184,0.835322196,47.09626094,47.93158313,2.704852824,1.710421639,125,4.972155927
Monmouth,Avon By The Sea,1306,30,4,3402440,457,623,20,16,1,3,0,1,1,0,1122,prez_rep,623,457,14.79500891,40.73083779,55.5258467,1.782531194,1.426024955,42,3.743315508
Monmouth,Belmar,1307,30,4,3404930,1266,1576,81,43,1,1,1,2,2,0,2973,prez_rep,1576,1266,10.42717793,42.58324924,53.01042718,2.724520686,1.446350488,131,4.406323579
Monmouth,Bradley Beach,1308,30,4,3406970,985,822,60,33,2,0,1,1,3,0,1907,prez_dem,985,822,8.547456738,51.65180912,43.10435239,3.146303094,1.730466702,100,5.24383849
Monmouth,Brielle,1309,30,4,3407750,937,1978,72,21,5,2,4,0,0,0,3019,prez_rep,1978,937,34.48161643,31.03676714,65.51838357,2.384895661,0.695594568,104,3.444849288
Monmouth,Colts Neck,1310,11,4,3404560,1712,3798,120,26,7,0,0,0,2,0,5665,prez_rep,3798,1712,36.82259488,30.22065313,67.04324801,2.118270079,0.458958517,155,2.736098853
Monmouth,Deal,1311,11,6,3406660,103,204,2,1,0,0,0,0,5,0,315,prez_rep,204,103,32.06349206,32.6984127,64.76190476,0.634920635,0.317460318,8,2.53968254
Monmouth,Eatontown,1312,11,4,3409840,2725,2648,129,71,8,1,2,0,8,0,5592,prez_dem,2725,2648,1.376967096,48.73032904,47.35336195,2.306866953,1.269670959,219,3.916309013
Monmouth,Englishtown,1313,12,4,3401570,300,560,9,11,1,0,0,0,0,0,881,prez_rep,560,300,29.51191827,34.05221339,63.56413167,1.021566402,1.248581158,21,2.383654938
Monmouth,Fair Haven,1314,13,4,3402440,1779,1463,110,33,4,0,0,0,3,0,3392,prez_dem,1779,1463,9.316037736,52.44693396,43.13089623,3.242924528,0.972877359,150,4.422169811
Monmouth,Farmingdale,1315,30,4,3402950,235,423,25,6,0,0,0,0,0,0,689,prez_rep,423,235,27.28592163,34.10740203,61.39332366,3.628447025,0.870827286,31,4.499274311
Monmouth,Freehold,1316,11,4,3405200,1958,1501,78,42,3,4,1,1,5,0,3593,prez_dem,1958,1501,12.71917618,54.4948511,41.77567492,2.170887837,1.168939605,134,3.729473977
Monmouth,Freehold Twp,1317,11,4,3405230,7367,9905,350,157,14,7,10,2,14,0,17826,prez_rep,9905,7367,14.23763043,41.32727477,55.56490519,1.963424212,0.880736004,554,3.107820038
Monmouth,Hazlet,1318,13,6,3400690,3547,6219,228,115,9,3,6,2,15,0,10144,prez_rep,6219,3547,26.34069401,34.96648265,61.30717666,2.247634069,1.133675079,378,3.726340694
Monmouth,Highlands,1319,13,6,3401500,975,1157,41,45,3,0,0,1,4,0,2226,prez_rep,1157,975,8.176100629,43.80053908,51.97663971,1.841868823,2.021563342,94,4.222821204
Monmouth,Holmdel,1320,13,4,3402640,3550,4884,174,83,4,1,2,1,7,0,8706,prez_rep,4884,3550,15.32276591,40.77647599,56.0992419,1.99862164,0.953365495,272,3.124282104
Monmouth,Howell,1321,30,4,3403300,9430,15808,549,273,29,8,13,8,43,0,26161,prez_rep,15808,9430,24.379802,36.04602271,60.4258247,2.098543634,1.043538091,923,3.528152594
Monmouth,Interlaken,1322,11,6,3404200,268,296,18,8,1,0,0,0,0,0,591,prez_rep,296,268,4.737732657,45.34686971,50.08460237,3.045685279,1.353637902,27,4.568527919
Monmouth,Keansburg,1323,13,6,3406480,1281,1733,52,29,2,2,0,1,2,0,3102,prez_rep,1733,1281,14.57124436,41.2959381,55.86718246,1.676337847,0.934880722,88,2.836879433
Monmouth,Keyport,1324,13,6,3406810,1416,1607,44,39,6,3,4,2,7,0,3128,prez_rep,1607,1416,6.106138107,45.2685422,51.37468031,1.406649616,1.246803069,105,3.356777494
Monmouth,Lake Como,1346,30,4,3407560,379,382,20,12,0,0,0,0,0,0,793,prez_rep,382,379,0.378310214,47.79319042,48.17150063,2.522068096,1.513240858,32,4.035308953
Monmouth,Little Silver,1325,13,4,3400770,1683,1859,95,29,0,0,0,0,5,0,3671,prez_rep,1859,1683,4.794333969,45.84581858,50.64015255,2.587850722,0.789975484,129,3.514028875
Monmouth,Loch Arbour,1326,11,6,3401010,49,53,4,1,0,0,0,0,0,0,107,prez_rep,53,49,3.738317757,45.79439252,49.53271028,3.738317757,0.934579439,5,4.672897196
Monmouth,Long Branch,1327,11,6,3401310,5491,3594,112,123,7,8,2,2,8,0,9347,prez_dem,5491,3594,20.29528191,58.74612175,38.45083984,1.198245426,1.315930245,262,2.803038408
Monmouth,Manalapan,1328,12,4,3402990,8503,11821,363,133,15,3,1,2,18,0,20859,prez_rep,11821,8503,15.90680282,40.76417853,56.67098135,1.740256005,0.637614459,535,2.564840117
Monmouth,Manasquan,1329,30,4,3403050,1321,1976,82,34,2,3,1,0,1,0,3420,prez_rep,1976,1321,19.15204678,38.62573099,57.77777778,2.397660819,0.994152047,123,3.596491228
Monmouth,Marlboro,1330,13,6,3404070,9875,10133,303,159,18,7,5,2,8,0,20510,prez_rep,10133,9875,1.257922964,48.14724525,49.40516821,1.477328133,0.775231594,502,2.447586543
Monmouth,Matawan,1331,12,6,3404520,1898,2157,110,47,12,1,1,4,5,0,4235,prez_rep,2157,1898,6.115702479,44.81700118,50.93270366,2.597402597,1.109799292,180,4.250295159
Monmouth,Middletown,1332,13,"4, 6",3405990,12883,21097,778,353,35,14,12,4,42,0,35218,prez_rep,21097,12883,23.32330058,36.58072577,59.90402635,2.209097621,1.002328355,1238,3.515247885
Monmouth,Millstone Twp,1333,12,4,3406560,1834,3706,131,48,8,3,1,2,4,0,5737,prez_rep,3706,1834,32.63029458,31.96792749,64.59822207,2.283423392,0.83667422,197,3.433850444
Monmouth,Monmouth Beach,1334,13,6,3407130,746,1152,27,8,0,0,0,0,2,0,1935,prez_rep,1152,746,20.98191214,38.55297158,59.53488372,1.395348837,0.413436693,37,1.912144703
Monmouth,Neptune City,1336,11,4,3409920,1137,1191,53,26,3,0,0,1,3,0,2414,prez_rep,1191,1137,2.236951118,47.10024855,49.33719967,2.195526098,1.077050539,86,3.562551781
Monmouth,Neptune Twp,1335,11,4,3409890,8956,4076,187,145,23,4,6,4,20,0,13421,prez_dem,8956,4076,36.36092691,66.73124208,30.37031518,1.393338797,1.080396394,389,2.898442739
Monmouth,Ocean Twp,1337,11,4,3404270,6786,6704,263,126,8,7,4,6,14,0,13918,prez_dem,6786,6704,0.58916511,48.75700532,48.16784021,1.889639316,0.905302486,428,3.075154476
Monmouth,Oceanport,1338,13,6,3404570,1234,1982,61,36,1,1,1,0,3,0,3319,prez_rep,1982,1234,22.53690871,37.17987346,59.71678216,1.837902983,1.084664055,103,3.103344381
Monmouth,Red Bank,1339,11,4,3402430,2881,1622,106,70,2,0,0,1,7,0,4689,prez_dem,2881,1622,26.85007464,61.441672,34.59159736,2.260609938,1.49285562,186,3.966730646
Monmouth,Roosevelt,1340,12,4,3404410,315,146,13,12,0,1,0,0,0,0,487,prez_dem,315,146,34.70225873,64.68172485,29.97946612,2.669404517,2.464065708,26,5.338809035
Monmouth,Rumson,1341,13,4,3405130,1580,2112,119,33,1,2,1,1,0,0,3849,prez_rep,2112,1580,13.82177189,41.04962328,54.87139517,3.091712133,0.85736555,157,4.078981554
Monmouth,Sea Bright,1342,13,6,3406240,320,459,26,10,2,0,0,0,0,0,817,prez_rep,459,320,17.01346389,39.16768666,56.18115055,3.182374541,1.223990208,38,4.651162791
Monmouth,Sea Girt,1343,30,4,3406330,339,796,28,8,2,0,0,0,0,0,1173,prez_rep,796,339,38.9599318,28.90025575,67.86018755,2.387041773,0.682011935,38,3.239556692
Monmouth,Shrewsbury,1344,11,4,3407350,1033,1223,57,23,0,0,1,1,4,0,2342,prez_rep,1223,1033,8.112724167,44.10760034,52.22032451,2.43381725,0.98206661,86,3.672075149
Monmouth,Shrewsbury Twp,1345,11,4,3407365,277,169,12,9,0,0,2,1,2,0,472,prez_dem,277,169,22.88135593,58.68644068,35.80508475,2.542372881,1.906779661,26,5.508474576
Monmouth,Spring Lake,1347,30,4,3400110,641,1132,34,16,0,0,0,0,2,0,1825,prez_rep,1132,641,26.90410959,35.12328767,62.02739726,1.863013699,0.876712329,52,2.849315068
Monmouth,Spring Lake Heights,1348,30,4,3400140,1145,1626,52,33,4,1,0,0,1,0,2862,prez_rep,1626,1145,16.80642907,40.00698812,56.81341719,1.816911251,1.153039832,91,3.179594689
Monmouth,Tinton Falls,1349,11,4,3403020,5004,4814,218,95,12,2,1,1,19,0,10166,prez_dem,5004,4814,1.868975015,49.22289986,47.35392485,2.144402912,0.934487507,348,3.42317529
Monmouth,Union Beach,1350,13,6,3404540,878,1545,64,38,1,0,2,0,7,0,2535,prez_rep,1545,878,26.31163708,34.63510848,60.94674556,2.524654832,1.499013807,112,4.418145957
Monmouth,Upper Freehold,1351,12,4,3404900,1403,2342,93,33,2,2,1,1,3,0,3880,prez_rep,2342,1403,24.20103093,36.15979381,60.36082474,2.396907216,0.850515464,135,3.479381443
Monmouth,Wall,1352,30,4,3406460,5060,9326,338,138,16,1,6,1,11,0,14897,prez_rep,9326,5060,28.63663825,33.96657045,62.6032087,2.268913204,0.926361012,511,3.43022085
Monmouth,West Long Branch,1353,11,6,3409310,1358,2204,70,48,0,0,1,0,1,0,3682,prez_rep,2204,1358,22.97664313,36.88212928,59.85877241,1.901140684,1.303639326,120,3.259098316
Morris,Boonton,1401,25,11,3406610,2024,1808,97,72,5,0,2,2,0,60,4070,prez_dem,2024,1808,5.307125307,49.72972973,44.42260442,2.383292383,1.769041769,178,4.373464373
Morris,Boonton Twp,1402,25,11,3406640,987,1413,55,24,8,1,1,0,0,29,2518,prez_rep,1413,987,16.91818904,39.19777601,56.11596505,2.184273233,0.953137411,89,3.534551231
Morris,Butler,1403,26,11,3409040,1325,2088,77,46,6,0,3,0,2,40,3587,prez_rep,2088,1325,21.27125732,36.93894619,58.21020351,2.146640647,1.282408698,134,3.735712294
Morris,Chatham,1404,21,11,3402100,2678,1796,146,42,4,3,2,2,0,134,4807,prez_dem,2678,1796,18.34824215,55.7104223,37.36218015,3.037237362,0.873725817,199,4.139796131
Morris,Chatham Twp,1405,27,11,3402130,3035,2678,173,26,3,1,0,2,0,119,6037,prez_dem,3035,2678,5.913533212,50.27331456,44.35978135,2.865661753,0.430677489,205,3.395726354
Morris,Chester,1406,25,7,3402580,334,469,16,5,0,0,0,0,0,16,840,prez_rep,469,334,16.07142857,39.76190476,55.83333333,1.904761905,0.595238095,21,2.5
Morris,Chester Twp,1407,25,7,3402610,1724,2424,135,30,6,1,0,0,0,71,4391,prez_rep,2424,1724,15.94169893,39.26212708,55.20382601,3.074470508,0.683215668,172,3.917103166
Morris,Denville,1408,25,11,3407650,4211,4961,238,110,14,3,2,2,2,95,9638,prez_rep,4961,4211,7.781697448,43.69163727,51.47333472,2.46939199,1.141315626,371,3.849346337
Morris,Dover,1409,25,7,3408070,3506,1293,62,67,11,6,5,2,2,37,4991,prez_dem,3506,1293,44.33981166,70.2464436,25.90663194,1.242236025,1.342416349,155,3.105590062
Morris,East Hanover,1410,27,11,3409210,1874,4485,80,46,6,5,3,2,2,32,6535,prez_rep,4485,1874,39.95409334,28.67635807,68.63045142,1.224177506,0.703902066,144,2.20351951
Morris,Florham Park,1411,27,11,3403910,2530,3159,102,53,7,2,1,1,4,64,5923,prez_rep,3159,2530,10.61961844,42.71484045,53.33445889,1.722100287,0.894816816,170,2.870167145
Morris,Hanover,1412,27,11,3409550,3063,4609,150,65,12,1,0,0,1,70,7971,prez_rep,4609,3063,19.39530799,38.42679714,57.82210513,1.881821603,0.815456028,229,2.872914314
Morris,Harding,1413,27,11,3409700,964,1298,82,16,2,1,0,0,0,61,2424,prez_rep,1298,964,13.77887789,39.7689769,53.54785479,3.382838284,0.660066007,101,4.166666667
Morris,Jefferson,1414,26,11,3404980,3683,6327,219,129,16,6,5,1,6,110,10502,prez_rep,6327,3683,25.17615692,35.06951057,60.24566749,2.085317082,1.22833746,382,3.6374024
Morris,Kinnelon,1415,26,11,3407110,2108,3516,151,58,8,1,0,0,1,64,5907,prez_rep,3516,2108,23.83612663,35.68647368,59.5226003,2.556289148,0.981885898,219,3.707465719
Morris,Lincoln Park,1416,26,11,3400290,2126,2766,100,65,9,3,1,0,0,47,5117,prez_rep,2766,2126,12.50732851,41.5477819,54.05511042,1.95427008,1.270275552,178,3.478600743
Morris,Long Hill,1430,21,7,3401362,2151,2469,133,50,9,0,2,0,2,68,4884,prez_rep,2469,2151,6.511056511,44.04176904,50.55282555,2.723177723,1.023751024,196,4.013104013
Morris,Madison,1417,27,11,3402510,4387,2960,251,84,13,3,2,0,3,143,7846,prez_dem,4387,2960,18.18761152,55.91384145,37.72622993,3.199082335,1.070609228,356,4.537343869
Morris,Mendham,1418,25,11,3405330,1274,1440,130,29,0,1,0,1,0,47,2922,prez_rep,1440,1274,5.681040383,43.60027379,49.28131417,4.449007529,0.99247091,161,5.509924709
Morris,Mendham Twp,1419,25,11,3405360,1598,1757,99,24,6,1,0,0,0,78,3563,prez_rep,1757,1598,4.462531575,44.84984564,49.31237721,2.778557395,0.673589672,130,3.648610721
Morris,Mine Hill,1420,25,7,3406860,822,914,50,17,5,1,0,0,2,27,1838,prez_rep,914,822,5.005440696,44.72252448,49.72796518,2.720348205,0.92491839,75,4.080522307
Morris,Montville,1421,26,11,3407670,4906,6409,203,89,7,8,1,1,2,118,11744,prez_rep,6409,4906,12.79802452,41.77452316,54.57254768,1.728542234,0.757833788,311,2.648160763
Morris,Morris Plains,1423,26,11,3408210,1617,1452,90,40,5,3,1,0,1,51,3260,prez_dem,1617,1452,5.061349693,49.60122699,44.5398773,2.760736196,1.226993865,140,4.294478528
Morris,Morris Twp,1422,25,11,3408090,6941,5122,328,118,11,5,6,3,1,221,12756,prez_dem,6941,5122,14.2599561,54.41360928,40.15365318,2.571338978,0.925054876,472,3.700219505
Morris,Morristown,1424,25,11,3408300,4940,2023,183,82,3,4,5,0,1,96,7337,prez_dem,4940,2023,39.75739403,67.32997138,27.57257735,2.494207442,1.117623007,278,3.789014584
Morris,Mount Arlington,1426,25,7,3408690,1120,1726,60,35,4,1,0,0,1,28,2975,prez_rep,1726,1120,20.3697479,37.64705882,58.01680672,2.016806723,1.176470588,101,3.394957983
Morris,Mount Olive,1427,24,7,3409080,5555,6479,311,156,17,5,4,2,5,131,12665,prez_rep,6479,5555,7.295696802,43.86103435,51.15673115,2.455586261,1.231741019,500,3.94788788
Morris,Mountain Lakes,1425,25,11,3408480,1297,1014,78,31,4,1,1,0,0,39,2465,prez_dem,1297,1014,11.48073022,52.61663286,41.13590264,3.164300203,1.257606491,115,4.665314402
Morris,Netcong,1428,25,7,3400130,506,844,32,19,3,0,1,0,0,5,1410,prez_rep,844,506,23.97163121,35.88652482,59.85815603,2.269503546,1.34751773,55,3.90070922
Morris,Parsippany-Troy Hills,1429,26,11,3406460,12191,10319,470,259,27,12,8,6,4,227,23523,prez_dem,12191,10319,7.958168601,51.82587255,43.86770395,1.998044467,1.101050036,786,3.341410534
Morris,Pequannock,1431,40,11,3408110,3520,5066,198,59,14,3,4,1,1,87,8953,prez_rep,5066,3520,17.26795488,39.31643025,56.58438512,2.211549201,0.658996984,280,3.127443315
Morris,Randolph,1432,25,11,3401890,6740,5933,313,112,14,6,3,0,4,180,13305,prez_dem,6740,5933,6.065388952,50.6576475,44.59225855,2.352499061,0.841788801,452,3.397219091
Morris,Riverdale,1433,40,11,3403300,819,1300,45,22,7,0,1,0,0,24,2218,prez_rep,1300,819,21.68620379,36.9251578,58.61136159,2.028854824,0.991884581,75,3.381424707
Morris,Rockaway,1434,25,11,3404050,1302,1641,80,25,7,4,2,0,0,37,3098,prez_rep,1641,1302,10.94254358,42.02711427,52.96965784,2.582311168,0.80697224,118,3.808908974
Morris,Rockaway Twp,1435,26,11,3404080,5849,6753,326,129,17,11,3,3,2,143,13236,prez_rep,6753,5849,6.829857963,44.19008764,51.0199456,2.462979752,0.974614687,491,3.709579934
Morris,Roxbury,1436,25,7,3404980,4600,7259,282,130,15,8,4,0,8,127,12433,prez_rep,7259,4600,21.38663235,36.99831095,58.3849433,2.268157323,1.04560444,447,3.595270651
Morris,Victory Gardens,1437,25,11,3405890,295,70,5,3,0,0,0,1,0,3,377,prez_dem,295,70,59.68169761,78.24933687,18.56763926,1.326259947,0.795755968,9,2.387267905
Morris,Washington Twp,1438,25,7,3407240,3860,6048,285,107,18,6,1,0,1,145,10471,prez_rep,6048,3860,20.89580747,36.86371884,57.75952631,2.721803075,1.021869926,418,3.991977844
Morris,Wharton,1439,25,7,3400390,1436,1230,62,32,7,2,1,0,1,29,2800,prez_dem,1436,1230,7.357142857,51.28571429,43.92857143,2.214285714,1.142857143,105,3.75
Ocean,Barnegat Light,1502,9,2,3403130,209,244,8,6,1,0,0,0,0,0,468,prez_rep,244,209,7.478632479,44.65811966,52.13675214,1.709401709,1.282051282,15,3.205128205
Ocean,Barnegat Twp,1501,9,3,3403050,3868,7155,206,94,58,1,3,1,1,0,11387,prez_rep,7155,3868,28.86625099,33.96856064,62.83481163,1.80908053,0.825502766,364,3.196627733
Ocean,Bay Head,1503,10,4,3403520,241,339,22,6,0,0,0,0,0,0,608,prez_rep,339,241,16.11842105,39.63815789,55.75657895,3.618421053,0.986842105,28,4.605263158
Ocean,Beach Haven,1504,9,2,3403940,267,383,9,6,5,0,0,0,0,0,670,prez_rep,383,267,17.31343284,39.85074627,57.1641791,1.343283582,0.895522388,20,2.985074627
Ocean,Beachwood,1505,9,3,3404180,1525,3088,139,63,23,2,3,0,1,0,4844,prez_rep,3088,1525,32.26672172,31.48224608,63.7489678,2.869529315,1.300578035,231,4.768786127
Ocean,Berkeley Twp,1506,9,3,3405305,7108,15201,317,147,80,2,11,4,2,0,22872,prez_rep,15201,7108,35.38387548,31.07729976,66.46117524,1.385974117,0.64270724,563,2.461525009
Ocean,Brick,1507,10,3,3407420,11610,24136,762,337,125,6,15,13,2,0,37006,prez_rep,24136,11610,33.8485651,31.37329082,65.22185592,2.059125547,0.910663136,1260,3.404853267
Ocean,Eagleswood,1509,9,2,3408670,220,585,19,8,5,0,0,0,0,0,837,prez_rep,585,220,43.60812425,26.28434886,69.89247312,2.270011947,0.955794504,32,3.823178017
Ocean,Harvey Cedars,1510,9,2,3400390,141,129,12,1,4,0,0,0,0,0,287,prez_dem,141,129,4.181184669,49.12891986,44.94773519,4.181184669,0.348432056,17,5.923344948
Ocean,Island Heights,1511,10,3,3404530,423,528,22,10,2,0,1,0,0,0,986,prez_rep,528,423,10.64908722,42.90060852,53.54969574,2.231237323,1.014198783,35,3.54969574
Ocean,Jackson,1512,12,4,3404680,9189,16759,531,215,85,3,7,4,1,0,26794,prez_rep,16759,9189,28.25259386,34.29499142,62.54758528,1.981786967,0.802418452,846,3.157423304
Ocean,Lacey,1513,9,3,3407380,3746,9762,273,112,27,1,2,2,1,0,13926,prez_rep,9762,3746,43.19977021,26.899325,70.09909522,1.960361913,0.804251041,418,3.001579779
Ocean,Lakehurst,1514,10,4,3407770,332,561,23,15,4,0,1,3,0,0,939,prez_rep,561,332,24.38764643,35.35676251,59.74440895,2.449414271,1.597444089,46,4.898828541
Ocean,Lakewood,1515,30,4,3408550,5841,17914,177,75,65,4,9,3,0,0,24088,prez_rep,17914,5841,50.1203919,24.24858851,74.36898041,0.734805712,0.311358353,333,1.382431086
Ocean,Lavallette,1516,10,3,3409390,364,818,17,10,7,0,0,0,0,0,1216,prez_rep,818,364,37.33552632,29.93421053,67.26973684,1.398026316,0.822368421,34,2.796052632
Ocean,Little Egg Harbor,1517,9,2,3400560,3150,6645,221,90,37,2,5,1,1,0,10152,prez_rep,6645,3150,34.42671395,31.02836879,65.45508274,2.176910954,0.886524823,357,3.516548463
Ocean,Long Beach,1518,9,2,3401250,801,1286,48,8,3,1,0,0,0,0,2147,prez_rep,1286,801,22.58965999,37.30787145,59.89753144,2.23567769,0.372612948,60,2.794597112
Ocean,Manchester,1519,10,4,3403140,8639,15278,283,153,96,6,10,7,1,0,24473,prez_rep,15278,8639,27.12785519,35.30012667,62.42798186,1.156376415,0.625178768,556,2.271891472
Ocean,Mantoloking,1520,10,3,3403380,66,142,8,1,0,0,0,0,0,0,217,prez_rep,142,66,35.02304147,30.41474654,65.43778802,3.686635945,0.460829493,9,4.147465438
Ocean,Ocean Gate,1522,9,3,3404450,338,554,24,16,5,0,1,0,0,0,938,prez_rep,554,338,23.02771855,36.03411514,59.06183369,2.558635394,1.70575693,46,4.904051173
Ocean,Ocean Twp,1521,9,3,3404300,1474,3526,85,47,17,0,5,0,0,0,5154,prez_rep,3526,1474,39.8137369,28.59914629,68.4128832,1.649204501,0.911913077,154,2.987970508
Ocean,Pine Beach,1523,9,3,3408590,468,730,28,6,9,0,0,0,0,0,1241,prez_rep,730,468,21.11200645,37.71152297,58.82352941,2.256244964,0.483481064,43,3.464947623
Ocean,Plumsted,1524,12,4,3409790,1072,2683,127,40,14,0,0,2,1,0,3939,prez_rep,2683,1072,40.89870526,27.2150292,68.11373445,3.224168571,1.015486164,184,4.671236354
Ocean,Point Pleasant,1525,30,"3, 4",3409880,3483,6309,230,80,16,1,4,1,1,0,10125,prez_rep,6309,3483,27.91111111,34.4,62.31111111,2.271604938,0.790123457,333,3.288888889
Ocean,Point Pleasant Beach,1526,10,4,3409910,856,1582,56,23,8,0,0,0,0,0,2525,prez_rep,1582,856,28.75247525,33.9009901,62.65346535,2.217821782,0.910891089,87,3.445544554
Ocean,Seaside Heights,1527,10,3,3406450,179,459,13,11,3,0,1,0,0,0,666,prez_rep,459,179,42.04204204,26.87687688,68.91891892,1.951951952,1.651651652,28,4.204204204
Ocean,Seaside Park,1528,9,3,3406480,275,604,11,9,3,0,0,0,0,0,902,prez_rep,604,275,36.47450111,30.48780488,66.96230599,1.219512195,0.997782705,23,2.549889135
Ocean,Ship Bottom,1529,9,2,3407110,291,419,10,3,1,0,0,0,0,0,724,prez_rep,419,291,17.67955801,40.19337017,57.87292818,1.38121547,0.414364641,14,1.933701657
Ocean,South Toms River,1530,9,3,3409510,611,623,22,15,2,0,1,0,0,0,1274,prez_rep,623,611,0.941915228,47.95918367,48.9010989,1.726844584,1.177394035,40,3.139717425
Ocean,Stafford,1531,9,"2, 3",3400320,4316,9116,243,111,50,4,3,1,1,0,13845,prez_rep,9116,4316,34.6695558,31.17370892,65.84326472,1.755146262,0.801733478,413,2.983026363
Ocean,Surf City,1532,9,2,3401640,315,440,16,8,1,0,0,0,0,0,780,prez_rep,440,315,16.02564103,40.38461538,56.41025641,2.051282051,1.025641026,25,3.205128205
Ocean,Toms River,1508,10,3,3403125,14287,28545,807,326,150,6,9,13,4,0,44147,prez_rep,28545,14287,32.2966453,32.36233493,64.65898023,1.827983781,0.738442023,1315,2.978684848
Ocean,Tuckerton,1533,9,2,3404210,466,970,34,32,13,0,0,2,0,0,1517,prez_rep,970,466,33.22346737,30.7185234,63.94199077,2.241265656,2.1094265,81,5.339485827
Passaic,Bloomingdale,1601,39,11,3406340,1533,2089,113,44,1,1,6,1,0,42,3830,prez_rep,2089,1533,14.51697128,40.02610966,54.54308094,2.950391645,1.148825065,166,4.334203655
Passaic,Clifton,1602,34,9,3403690,19986,12468,423,405,45,19,35,15,9,292,33697,prez_dem,19986,12468,22.31059145,59.31091789,37.00032644,1.255304627,1.201887408,951,2.822209692
Passaic,Haledon,1603,35,9,3409070,2232,767,31,50,7,1,2,1,2,21,3114,prez_dem,2232,767,47.04560051,71.67630058,24.63070006,0.995504175,1.605651895,94,3.018625562
Passaic,Hawthorne,1604,38,9,3400570,4111,4400,162,98,4,3,14,7,5,86,8890,prez_rep,4400,4111,3.250843645,46.24296963,49.49381327,1.822272216,1.102362205,293,3.29583802
Passaic,Little Falls,1605,40,11,3400620,3079,3039,107,81,3,1,3,1,2,52,6368,prez_dem,3079,3039,0.628140704,48.35113065,47.72298995,1.680276382,1.271984925,198,3.109296482
Passaic,North Haledon,1606,35,11,3403040,1592,3058,66,41,2,1,11,2,0,38,4811,prez_rep,3058,1592,30.47183538,33.09083351,63.56266888,1.371856163,0.852213677,123,2.556641031
Passaic,Passaic,1607,36,9,3406550,11738,3610,124,153,30,8,15,8,2,163,15851,prez_dem,11738,3610,51.27752192,74.05211028,22.77458835,0.782285029,0.965238786,340,2.14497508
Passaic,Paterson,1608,35,9,3407000,38633,3841,170,311,63,6,30,15,16,94,43179,prez_dem,38633,3841,80.57620603,89.47173394,8.895527919,0.393709905,0.720257533,611,1.415039718
Passaic,Pompton Lakes,1609,40,11,3400090,2276,2797,98,52,12,1,4,3,0,40,5283,prez_rep,2797,2276,9.861820935,43.08158243,52.94340337,1.855006625,0.98428923,170,3.217868635
Passaic,Prospect Park,1610,35,9,3401170,1722,399,22,32,8,4,7,1,2,18,2215,prez_dem,1722,399,59.72911964,77.74266366,18.01354402,0.993227991,1.44469526,76,3.431151242
Passaic,Ringwood,1611,39,5,3403150,2767,3536,156,89,6,1,6,2,2,85,6650,prez_rep,3536,2767,11.56390977,41.60902256,53.17293233,2.345864662,1.338345865,262,3.939849624
Passaic,Totowa,1612,40,11,3403140,1966,3323,75,43,8,2,4,3,1,27,5452,prez_rep,3323,1966,24.88994864,36.06016141,60.95011005,1.375641966,0.788701394,136,2.494497432
Passaic,Wanaque,1613,39,11,3406730,2315,2992,101,53,3,4,10,1,3,56,5538,prez_rep,2992,2315,12.22462983,41.80209462,54.02672445,1.823763091,0.957024197,175,3.159985554
Passaic,Wayne,1614,40,11,3407840,11311,14180,447,246,19,2,34,10,5,230,26484,prez_rep,14180,11311,10.83295575,42.70880532,53.54176106,1.687811509,0.92886271,763,2.880984746
Passaic,West Milford,1615,26,5,3409460,4325,8098,319,147,12,4,21,8,1,122,13057,prez_rep,8098,4325,28.89637742,33.12399479,62.02037221,2.443133951,1.125832887,512,3.921268285
Passaic,Woodland Park,1616,40,11,3402423,3022,2891,64,51,8,3,5,1,1,33,6079,prez_dem,3022,2891,2.154959697,49.7121237,47.55716401,1.052804738,0.838953775,133,2.187859845
Salem,Alloway,1701,3,2,3400880,521,1095,63,20,5,0,2,0,1,18,1737,prez_rep,1095,521,33.04548071,29.99424295,63.03972366,3.626943005,1.151410478,91,5.238917674
Salem,Carneys Point,1702,3,2,3400610,1671,1561,74,22,9,1,2,1,1,37,3396,prez_dem,1671,1561,3.239104829,49.204947,45.96584217,2.179034158,0.647820966,110,3.239104829
Salem,Elmer,1703,3,2,3401240,178,391,30,7,0,0,0,0,0,18,627,prez_rep,391,178,33.97129187,28.3891547,62.36044657,4.784688995,1.116427432,37,5.901116427
Salem,Elsinboro,1704,3,2,3401330,198,400,20,12,0,0,0,1,0,13,650,prez_rep,400,198,31.07692308,30.46153846,61.53846154,3.076923077,1.846153846,33,5.076923077
Salem,Lower Alloways Creek,1705,3,2,3401640,209,740,31,8,1,0,0,0,1,6,1007,prez_rep,740,209,52.73088381,20.75471698,73.48560079,3.078450844,0.794438928,41,4.071499503
Salem,Mannington,1706,3,2,3403200,234,412,33,4,2,0,1,0,1,7,702,prez_rep,412,234,25.35612536,33.33333333,58.68945869,4.700854701,0.56980057,41,5.84045584
Salem,Oldmans,1707,3,2,3404810,368,587,26,5,3,0,1,0,0,12,1005,prez_rep,587,368,21.79104478,36.61691542,58.4079602,2.587064677,0.497512438,35,3.482587065
Salem,Penns Grove,1708,3,2,3407750,978,300,26,5,4,0,0,1,2,21,1342,prez_dem,978,300,50.52160954,72.87630402,22.35469449,1.937406855,0.372578241,38,2.831594635
Salem,Pennsville,1709,3,2,3407870,1918,3909,182,41,15,1,2,0,0,65,6161,prez_rep,3909,1918,32.31618244,31.13130985,63.44749229,2.954065898,0.665476384,241,3.911702646
Salem,Pilesgrove,1710,3,2,3408530,847,1285,77,22,4,2,1,0,3,40,2298,prez_rep,1285,847,19.06005222,36.85813751,55.91818973,3.350739774,0.957354221,109,4.743255004
Salem,Pittsgrove,1711,3,2,3409130,1650,2497,103,37,12,1,0,0,2,54,4389,prez_rep,2497,1650,19.29824561,37.59398496,56.89223058,2.346776031,0.843016633,155,3.531556163
Salem,Quinton,1712,3,2,3401470,413,742,38,7,3,0,0,0,2,8,1224,prez_rep,742,413,26.87908497,33.74183007,60.62091503,3.104575163,0.571895425,50,4.08496732
Salem,Salem,1713,3,2,3405490,1269,326,24,13,3,0,1,0,2,12,1658,prez_dem,1269,326,56.87575392,76.53799759,19.66224367,1.447527141,0.784077201,43,2.593486128
Salem,Upper Pittsgrove,1714,3,2,3405110,454,1226,52,10,9,1,0,2,0,17,1786,prez_rep,1226,454,43.22508399,25.41993281,68.6450168,2.911534155,0.559910414,74,4.143337066
Salem,Woodstown,1715,3,2,3402720,858,785,76,23,0,0,0,0,1,25,1780,prez_dem,858,785,4.101123596,48.20224719,44.1011236,4.269662921,1.292134831,100,5.617977528
Somerset,Bedminster,1801,23,7,3404450,2181,2223,123,43,4,2,4,1,0,4,4581,prez_rep,2223,2181,0.916830386,47.60969221,48.52652259,2.685003274,0.938659681,177,3.8637852
Somerset,Bernards Twp,1802,21,7,3405560,6734,6696,362,95,23,4,13,2,3,,13932,prez_dem,6734,6696,0.272753374,48.33476888,48.0620155,2.598334769,0.681883434,502,3.603215619
Somerset,Bernardsville,1803,25,7,3405590,1803,2031,138,27,3,3,1,0,1,0,4007,prez_rep,2031,1803,5.690042426,44.99625655,50.68629898,3.443973047,0.673820814,173,4.317444472
Somerset,Bound Brook,1804,23,12,3406790,1716,1240,71,38,7,7,5,2,1,0,3087,prez_dem,1716,1240,15.41950113,55.58794947,40.16844833,2.299967606,1.230968578,131,4.243602203
Somerset,Branchburg,1805,16,7,3407180,3217,4394,219,67,4,3,12,3,2,0,7921,prez_rep,4394,3217,14.85923495,40.61355889,55.47279384,2.764802424,0.845852796,310,3.913647267
Somerset,Bridgewater,1806,23,7,3407720,10762,10705,601,224,26,9,34,5,4,0,22370,prez_dem,10762,10705,0.254805543,48.10907465,47.85426911,2.686633885,1.001341082,903,4.036656236
Somerset,Far Hills,1807,21,7,3402890,215,307,7,6,0,0,0,1,0,0,536,prez_rep,307,215,17.1641791,40.1119403,57.2761194,1.305970149,1.119402985,14,2.611940299
Somerset,Franklin Twp,1808,17,12,3404900,21037,7711,432,331,37,12,26,9,9,0,29604,prez_dem,21037,7711,45.01418727,71.06134306,26.04715579,1.459262262,1.11809215,856,2.891501148
Somerset,Green Brook,1809,22,7,3407510,1617,1688,99,22,7,2,8,1,2,0,3446,prez_rep,1688,1617,2.060359837,46.92396982,48.98432966,2.872896111,0.638421358,141,4.091700522
Somerset,Hillsborough,1810,16,7,3401890,10139,9282,577,191,25,17,23,2,6,0,20262,prez_dem,10139,9282,4.22959234,50.03948278,45.80989044,2.847695193,0.942651268,841,4.150626789
Somerset,Manville,1811,16,12,3403620,1416,2073,88,43,6,2,9,0,4,0,3641,prez_rep,2073,1416,18.04449327,38.89041472,56.93490799,2.416918429,1.180994232,152,4.174677286
Somerset,Millstone,1812,16,7,3406590,103,133,4,2,0,0,1,0,0,0,243,prez_rep,133,103,12.34567901,42.38683128,54.73251029,1.646090535,0.823045268,7,2.880658436
Somerset,Montgomery,1813,16,7,3407580,6377,3554,296,80,9,4,9,0,2,0,10331,prez_dem,6377,3554,27.32552512,61.72684154,34.40131643,2.865163101,0.774368406,400,3.871842029
Somerset,North Plainfield,1814,22,7,3403280,4982,1788,101,90,7,3,14,3,3,0,6991,prez_dem,4982,1788,45.68731226,71.2630525,25.57574024,1.444714633,1.287369475,221,3.161207266
Somerset,Peapack Gladstone,1815,23,7,3407300,600,711,36,13,2,1,0,0,0,0,1363,prez_rep,711,600,8.14380044,44.02054292,52.16434336,2.641232575,0.95377843,52,3.81511372
Somerset,Raritan,1816,23,7,3401980,1521,1486,77,30,6,2,6,1,0,0,3129,prez_dem,1521,1486,1.118568233,48.60977948,47.49121125,2.460850112,0.958772771,122,3.899009268
Somerset,Rocky Hill,1817,16,7,3404320,277,104,6,5,3,0,0,0,0,0,395,prez_dem,277,104,43.79746835,70.12658228,26.32911392,1.518987342,1.265822785,14,3.544303797
Somerset,Somerville,1818,16,7,3408460,2854,1652,130,73,10,1,11,2,0,0,4733,prez_dem,2854,1652,25.39615466,60.30002113,34.90386647,2.746672301,1.542362138,227,4.796112402
Somerset,South Bound Brook,1819,23,12,3408730,965,743,50,24,9,2,6,0,0,0,1799,prez_dem,965,743,12.34018899,53.64091162,41.30072262,2.779321845,1.334074486,91,5.058365759
Somerset,Warren,1820,21,7,3406940,3543,4416,183,96,10,1,6,1,1,0,8257,prez_rep,4416,3543,10.57284728,42.90904687,53.48189415,2.21630132,1.162649873,298,3.60905898
Somerset,Watchung,1821,21,7,3407600,1494,1493,75,27,3,4,2,0,0,,3098,prez_dem,1494,1493,0.03227889,48.22466107,48.19238218,2.42091672,0.871530019,111,3.582956746
Sussex,Andover,1901,24,5,3401330,91,172,5,7,2,0,0,1,0,4,282,prez_rep,172,91,28.72340426,32.26950355,60.9929078,1.773049645,2.482269504,15,5.319148936
Sussex,Andover Twp,1902,24,5,3401360,996,1872,66,44,12,1,0,3,2,37,3033,prez_rep,1872,996,28.88229476,32.83877349,61.72106825,2.176063304,1.450708869,128,4.220243983
Sussex,Branchville,1903,24,5,3407300,134,272,9,3,2,0,1,0,1,10,432,prez_rep,272,134,31.94444444,31.01851852,62.96296296,2.083333333,0.694444444,16,3.703703704
Sussex,Byram,1904,24,11,3409160,1515,2823,115,43,13,4,1,1,1,66,4582,prez_rep,2823,1515,28.54648625,33.06416412,61.61065037,2.509821039,0.938454823,178,3.884766478
Sussex,Frankford,1905,24,5,3404810,837,2070,87,36,12,0,2,0,2,57,3103,prez_rep,2070,837,39.73573961,26.97389623,66.70963584,2.803738318,1.16016758,139,4.479535933
Sussex,Franklin,1906,24,5,3404930,677,1368,50,33,7,0,4,2,2,24,2167,prez_rep,1368,677,31.88740194,31.24134749,63.12874942,2.307337333,1.52284264,98,4.522381172
Sussex,Fredon,1907,24,5,3405140,578,1263,56,24,4,0,0,0,1,23,1949,prez_rep,1263,578,35.14622884,29.65623397,64.8024628,2.873268343,1.231400718,85,4.361210877
Sussex,Green,1908,24,5,3407420,549,1321,55,24,5,0,2,0,0,33,1989,prez_rep,1321,549,38.81347411,27.60180995,66.41528406,2.765208648,1.206636501,86,4.323780794
Sussex,Hamburg,1909,24,5,3409220,544,893,35,17,8,1,0,0,0,20,1518,prez_rep,893,544,22.99077734,35.83662714,58.82740448,2.305665349,1.119894598,61,4.018445323
Sussex,Hampton Twp,1910,24,5,3409490,861,1738,77,26,8,0,2,0,2,36,2750,prez_rep,1738,861,31.89090909,31.30909091,63.2,2.8,0.945454546,115,4.181818182
Sussex,Hardyston,1911,24,5,3409850,1434,2675,103,38,8,3,1,2,3,52,4319,prez_rep,2675,1434,28.73350313,33.20213012,61.93563325,2.384811299,0.879833295,158,3.658254226
Sussex,Hopatcong,1912,24,11,3402910,2428,4260,202,89,34,9,1,1,4,73,7101,prez_rep,4260,2428,25.79918321,34.19236727,59.99155049,2.844669765,1.253344599,340,4.78805802
Sussex,Lafayette,1913,24,5,3407440,358,962,37,12,8,3,1,0,0,16,1397,prez_rep,962,358,43.23550465,25.62634216,68.86184681,2.64853257,0.858983536,61,4.366499642
Sussex,Montague,1914,24,5,3407430,467,1139,33,21,4,0,0,0,0,25,1689,prez_rep,1139,467,39.78685613,27.64949674,67.43635287,1.953818828,1.243339254,58,3.433984606
Sussex,Newton,1915,24,5,3401930,1347,1653,100,42,19,3,3,3,4,51,3225,prez_rep,1653,1347,9.488372093,41.76744186,51.25581395,3.100775194,1.302325581,174,5.395348837
Sussex,Ogdensburg,1916,24,11,3404660,350,743,33,12,3,0,0,0,1,14,1156,prez_rep,743,350,33.99653979,30.27681661,64.2733564,2.85467128,1.038062284,49,4.238754325
Sussex,Sandyston,1917,24,5,3405700,282,744,30,19,7,3,0,0,0,19,1104,prez_rep,744,282,41.84782609,25.54347826,67.39130435,2.717391304,1.721014493,59,5.344202899
Sussex,Sparta,1918,24,11,3409690,4046,6304,287,86,19,7,3,4,4,163,10923,prez_rep,6304,4046,20.67197656,37.04110592,57.71308249,2.627483292,0.787329488,410,3.75354756
Sussex,Stanhope,1919,24,11,3400380,742,1031,40,18,8,0,0,0,0,29,1868,prez_rep,1031,742,15.47109208,39.72162741,55.19271949,2.141327623,0.96359743,66,3.533190578
Sussex,Stillwater,1920,24,5,3400890,682,1459,73,39,10,2,0,1,0,35,2301,prez_rep,1459,682,33.76792699,29.63928727,63.40721425,3.172533681,1.694915254,125,5.432420687
Sussex,Sussex,1921,24,5,3401670,201,493,25,11,6,0,2,1,2,18,759,prez_rep,493,201,38.47167325,26.48221344,64.95388669,3.293807642,1.449275362,47,6.192358366
Sussex,Vernon,1922,24,5,3405740,2528,5341,275,95,18,7,0,1,9,138,8412,prez_rep,5341,2528,33.44032335,30.05230623,63.49262958,3.269139325,1.129339039,405,4.814550642
Sussex,Walpack,1923,24,5,3406640,4,8,0,0,0,0,0,0,0,0,12,prez_rep,8,4,33.33333333,33.33333333,66.66666667,0,0,0,0
Sussex,Wantage,1924,24,5,3406790,1394,3953,123,51,18,3,4,2,1,60,5609,prez_rep,3953,1394,45.62310572,24.85291496,70.47602068,2.192904261,0.909252986,202,3.601354965
Union,Berkeley Heights,2001,21,7,3405320,3129,3072,182,43,13,2,6,2,0,0,6549,prez_dem,3129,3072,0.870361887,47.77828676,46.90792487,2.779050237,0.656588792,248,3.786837685
Union,Clark,2002,22,7,3403150,2612,4743,144,43,54,5,11,1,11,0,7617,prez_rep,4743,2612,27.97689379,34.2917159,62.26860969,1.890508074,0.564526717,269,3.531574111
Union,Cranford,2003,21,7,3405640,6244,5110,298,116,34,5,17,5,0,0,11947,prez_dem,6244,5110,9.491922658,52.26416674,42.77224408,2.494350046,0.970955052,475,3.97589353
Union,Elizabeth,2004,20,8,3401000,22170,5427,224,235,43,19,94,30,5,0,28350,prez_dem,22170,5427,59.05820106,78.2010582,19.14285714,0.790123457,0.828924162,650,2.292768959
Union,Fanwood,2005,22,12,3402860,2260,1404,99,34,2,0,8,2,0,0,3838,prez_dem,2260,1404,22.30328296,58.88483585,36.58155289,2.579468473,0.885878062,145,3.77800938
Union,Garwood,2006,21,7,3405800,945,1062,59,23,7,1,2,2,0,0,2115,prez_rep,1062,945,5.531914894,44.68085106,50.21276596,2.789598109,1.087470449,94,4.444444444
Union,Hillside,2007,20,10,3401980,6633,1018,41,60,8,4,13,2,1,0,7814,prez_dem,6633,1018,71.85820322,84.88610187,13.02789864,0.524699258,0.767852572,129,1.65088303
Union,Kenilworth,2008,21,7,3406690,1374,1995,61,27,3,1,9,4,1,0,3487,prez_rep,1995,1374,17.80900488,39.40349871,57.21250358,1.749354746,0.77430456,106,3.039862346
Union,Linden,2009,22,10,3400350,10464,4323,147,102,23,6,36,19,5,0,15173,prez_dem,10464,4323,40.47320899,68.96460819,28.4913992,0.968826204,0.672246754,338,2.227641205
Union,Mountainside,2010,21,7,3408510,1442,1940,66,21,4,4,6,4,1,0,3517,prez_rep,1940,1442,14.15979528,41.000853,55.16064828,1.876599374,0.597099801,106,3.013932329
Union,New Providence,2011,21,7,3401810,3084,2517,198,44,11,0,7,1,0,0,5928,prez_dem,3084,2517,9.564777328,52.0242915,42.45951417,3.340080972,0.742240216,261,4.402834008
Union,Plainfield,2012,22,12,3409190,12655,1032,75,138,10,3,22,11,2,0,13993,prez_dem,12655,1032,83.06296005,90.43807618,7.375116129,0.535982277,0.986207389,261,1.865218323
Union,Rahway,2013,22,10,3401530,7787,2931,140,82,15,4,37,11,2,0,11057,prez_dem,7787,2931,43.91788008,70.4259745,26.50809442,1.26616623,0.741611649,291,2.631816949
Union,Roselle,2014,20,10,3404620,7151,904,46,74,8,5,20,3,1,0,8238,prez_dem,7151,904,75.8315125,86.80504977,10.97353727,0.558387958,0.898276281,157,1.905802379
Union,Roselle Park,2015,21,10,3404650,2970,2160,90,50,17,1,13,4,1,0,5341,prez_dem,2970,2160,15.16569931,55.60756413,40.44186482,1.685077701,0.936154278,176,3.295263059
Union,Scotch Plains,2016,22,"7, 12",3406060,6867,4532,284,101,15,5,28,6,3,0,11955,prez_dem,6867,4532,19.53157675,57.44040151,37.90882476,2.375575073,0.844834797,442,3.697197825
Union,Springfield,2017,21,7,3400020,4291,2989,150,66,9,3,7,3,2,0,7602,prez_dem,4291,2989,17.12707182,56.44567219,39.31860037,1.973164957,0.868192581,240,3.157063931
Union,Summit,2018,21,7,3401430,5776,3210,326,62,16,2,12,2,1,0,9572,prez_dem,5776,3210,26.80735478,60.34266611,33.53531132,3.40576682,0.647722524,421,4.398244881
Union,Union Twp,2019,20,"7, 10",3404480,16063,6375,251,218,28,7,51,26,8,0,23126,prez_dem,16063,6375,41.8922425,69.45861801,27.56637551,1.085358471,0.942661939,589,2.54691689
Union,Westfield,2020,21,7,3409040,8429,5261,374,84,13,4,17,5,2,0,14340,prez_dem,8429,5261,22.09205021,58.77963738,36.68758717,2.608089261,0.585774059,499,3.479776848
Union,Winfield,2021,22,7,3401650,300,375,12,10,1,0,8,0,0,0,707,prez_rep,375,300,10.60820368,42.43281471,53.04101839,1.697312588,1.414427157,31,4.384724187
Warren,Allamuchy,2101,24,5,3400670,831,1441,41,24,2,0,2,1,3,14,2359,prez_rep,1441,831,25.85841458,35.22679101,61.0852056,1.738024587,1.017380246,73,3.094531581
Warren,Alpha,2102,23,7,3401030,385,609,35,13,4,0,1,1,2,3,1053,prez_rep,609,385,21.27255461,36.56220323,57.83475783,3.323836657,1.234567901,56,5.318138651
Warren,Belvidere,2103,24,5,3404990,424,770,37,19,3,0,0,1,2,19,1275,prez_rep,770,424,27.1372549,33.25490196,60.39215686,2.901960784,1.490196078,62,4.862745098
Warren,Blairstown,2104,24,5,3406160,960,1968,65,32,7,1,5,4,0,27,3069,prez_rep,1968,960,32.84457478,31.28054741,64.12512219,2.117953731,1.042684914,114,3.714565005
Warren,Franklin Twp,2105,23,7,3404960,448,1030,46,15,2,1,0,2,0,8,1552,prez_rep,1030,448,37.5,28.86597938,66.36597938,2.963917526,0.966494845,66,4.25257732
Warren,Frelinghuysen,2106,24,5,3405320,332,826,20,20,3,1,1,0,1,15,1219,prez_rep,826,332,40.52502051,27.23543888,67.76045939,1.640689089,1.640689089,46,3.773584906
Warren,Greenwich,2107,23,7,3408260,1023,1519,51,14,4,2,3,1,0,27,2644,prez_rep,1519,1023,18.75945537,38.6913767,57.45083207,1.928895613,0.529500756,75,2.836611195
Warren,Hackettstown,2108,23,5,3408710,1652,2175,105,44,7,1,5,3,6,37,4035,prez_rep,2175,1652,12.96158612,40.9417596,53.90334572,2.602230483,1.090458488,171,4.237918216
Warren,Hardwick,2109,24,5,3409820,283,531,27,12,2,0,0,0,2,5,862,prez_rep,531,283,28.77030162,32.83062645,61.60092807,3.13225058,1.392111369,43,4.988399072
Warren,Harmony,2110,23,7,3400090,351,868,35,25,1,1,2,1,1,15,1300,prez_rep,868,351,39.76923077,27,66.76923077,2.692307692,1.923076923,66,5.076923077
Warren,Hope,2111,24,5,3403060,292,714,32,12,2,1,0,1,1,10,1065,prez_rep,714,292,39.62441315,27.41784038,67.04225352,3.004694836,1.126760563,49,4.600938967
Warren,Independence,2112,24,5,3403930,963,1666,56,35,6,3,0,0,4,24,2757,prez_rep,1666,963,25.4987305,34.92927095,60.42800145,2.031193326,1.269495829,104,3.772216177
Warren,Knowlton,2113,24,5,3407320,387,942,31,13,5,1,3,1,1,9,1393,prez_rep,942,387,39.84206748,27.78176597,67.62383345,2.225412778,0.933237617,55,3.948312994
Warren,Liberty,2114,24,5,3400110,384,939,36,10,6,0,1,0,2,16,1394,prez_rep,939,384,39.81348637,27.54662841,67.36011478,2.582496413,0.717360115,55,3.945480631
Warren,Lopatcong,2115,23,7,3401490,1595,2233,100,36,9,2,4,3,1,48,4031,prez_rep,2233,1595,15.82733813,39.56834532,55.39568345,2.480774001,0.893078641,155,3.845199702
Warren,Mansfield,2116,23,5,3403320,1119,2001,76,34,7,1,1,3,2,21,3265,prez_rep,2001,1119,27.01378254,34.27258806,61.2863706,2.327718224,1.041347626,124,3.797856049
Warren,Oxford,2117,24,5,3405530,328,759,32,9,4,2,0,1,1,14,1150,prez_rep,759,328,37.47826087,28.52173913,66,2.782608696,0.782608696,49,4.260869565
Warren,Phillipsburg,2119,23,7,3408350,2056,2325,159,80,19,5,14,4,9,49,4720,prez_rep,2325,2056,5.699152542,43.55932203,49.25847458,3.368644068,1.694915254,290,6.144067797
Warren,Pohatcong,2120,23,7,3409820,515,976,47,19,2,0,0,0,1,16,1576,prez_rep,976,515,29.25126904,32.67766497,61.92893401,2.982233503,1.205583756,69,4.378172589
Warren,Washington,2121,23,5,3407270,981,1323,78,39,9,2,4,1,1,16,2454,prez_rep,1323,981,13.93643032,39.97555012,53.91198044,3.178484108,1.589242054,134,5.460472698
Warren,Washington Twp,2122,23,5,3407300,1046,2172,82,26,3,4,2,1,2,27,3365,prez_rep,2172,1046,33.46210996,31.08469539,64.54680535,2.436849926,0.772659733,120,3.566121842
Warren,White,2123,24,5,3400570,702,1768,53,23,3,0,3,0,6,21,2579,prez_rep,1768,702,41.33385033,27.21985266,68.55370299,2.055060101,0.891818534,88,3.412175262